ISO-10303-21;
HEADER;
/* Generated by software containing ST-Developer
 * from STEP Tools, Inc. (www.steptools.com) 
 */
/* OPTION: using custom renumber hook */

FILE_DESCRIPTION(
/* description */ ('STEP AP214'),
/* implementation_level */ '2;1');

FILE_NAME(
/* name */ 'Aluminum Profile GN 10i-30306L-N-2-4',
/* time_stamp */ '2025-12-24T10:54:28+01:00',
/* author */ ('License CC BY-ND 4.0'),
/* organization */ ('CADENAS'),
/* preprocessor_version */ 'ST-DEVELOPER v20',
/* originating_system */ 'PARTsolutions',
/* authorisation */ '  ');

FILE_SCHEMA (('AUTOMOTIVE_DESIGN {1 0 10303 214 3 1 1}'));
ENDSEC;

DATA;
#10=PROPERTY_DEFINITION_REPRESENTATION(#14,#12);
#11=PROPERTY_DEFINITION_REPRESENTATION(#15,#13);
#12=REPRESENTATION('',(#16),#5271);
#13=REPRESENTATION('',(#17),#5271);
#14=PROPERTY_DEFINITION('pmi validation property','',#5276);
#15=PROPERTY_DEFINITION('pmi validation property','',#5276);
#16=VALUE_REPRESENTATION_ITEM('number of annotations',COUNT_MEASURE(0.));
#17=VALUE_REPRESENTATION_ITEM('number of views',COUNT_MEASURE(0.));
#18=SHAPE_REPRESENTATION_RELATIONSHIP('','',#3115,#19);
#19=ADVANCED_BREP_SHAPE_REPRESENTATION('',(#3113),#5271);
#20=PLANE('',#3120);
#21=PLANE('',#3124);
#22=PLANE('',#3128);
#23=PLANE('',#3132);
#24=PLANE('',#3136);
#25=PLANE('',#3140);
#26=PLANE('',#3144);
#27=PLANE('',#3148);
#28=PLANE('',#3152);
#29=PLANE('',#3156);
#30=PLANE('',#3160);
#31=PLANE('',#3164);
#32=PLANE('',#3168);
#33=PLANE('',#3172);
#34=PLANE('',#3176);
#35=PLANE('',#3180);
#36=PLANE('',#3184);
#37=PLANE('',#3188);
#38=PLANE('',#3192);
#39=PLANE('',#3196);
#40=PLANE('',#3200);
#41=PLANE('',#3204);
#42=PLANE('',#3208);
#43=PLANE('',#3212);
#44=PLANE('',#3216);
#45=PLANE('',#3220);
#46=PLANE('',#3224);
#47=PLANE('',#3228);
#48=PLANE('',#3232);
#49=PLANE('',#3236);
#50=PLANE('',#3240);
#51=PLANE('',#3244);
#52=PLANE('',#3248);
#53=PLANE('',#3252);
#54=PLANE('',#3256);
#55=PLANE('',#3260);
#56=PLANE('',#3264);
#57=PLANE('',#3268);
#58=PLANE('',#3272);
#59=PLANE('',#3276);
#60=PLANE('',#3280);
#61=PLANE('',#3284);
#62=PLANE('',#3288);
#63=PLANE('',#3292);
#64=PLANE('',#3296);
#65=PLANE('',#3300);
#66=PLANE('',#3304);
#67=PLANE('',#3308);
#68=PLANE('',#3312);
#69=PLANE('',#3316);
#70=PLANE('',#3320);
#71=PLANE('',#3324);
#72=PLANE('',#3328);
#73=PLANE('',#3332);
#74=PLANE('',#3336);
#75=PLANE('',#3340);
#76=PLANE('',#3344);
#77=PLANE('',#3348);
#78=PLANE('',#3352);
#79=PLANE('',#3359);
#80=PLANE('',#3363);
#81=PLANE('',#3367);
#82=PLANE('',#3374);
#83=PLANE('',#3378);
#84=PLANE('',#3382);
#85=PLANE('',#3386);
#86=PLANE('',#3390);
#87=PLANE('',#3394);
#88=PLANE('',#3398);
#89=PLANE('',#3399);
#90=PLANE('',#3403);
#91=PLANE('',#3407);
#92=PLANE('',#3411);
#93=PLANE('',#3412);
#94=PLANE('',#3413);
#95=PLANE('',#3423);
#96=PLANE('',#3424);
#97=PLANE('',#3425);
#98=LINE('',#4355,#402);
#99=LINE('',#4359,#403);
#100=LINE('',#4361,#404);
#101=LINE('',#4363,#405);
#102=LINE('',#4365,#406);
#103=LINE('',#4371,#407);
#104=LINE('',#4373,#408);
#105=LINE('',#4375,#409);
#106=LINE('',#4377,#410);
#107=LINE('',#4383,#411);
#108=LINE('',#4385,#412);
#109=LINE('',#4387,#413);
#110=LINE('',#4389,#414);
#111=LINE('',#4395,#415);
#112=LINE('',#4397,#416);
#113=LINE('',#4399,#417);
#114=LINE('',#4401,#418);
#115=LINE('',#4407,#419);
#116=LINE('',#4409,#420);
#117=LINE('',#4411,#421);
#118=LINE('',#4413,#422);
#119=LINE('',#4419,#423);
#120=LINE('',#4421,#424);
#121=LINE('',#4423,#425);
#122=LINE('',#4425,#426);
#123=LINE('',#4431,#427);
#124=LINE('',#4433,#428);
#125=LINE('',#4435,#429);
#126=LINE('',#4437,#430);
#127=LINE('',#4443,#431);
#128=LINE('',#4445,#432);
#129=LINE('',#4447,#433);
#130=LINE('',#4449,#434);
#131=LINE('',#4455,#435);
#132=LINE('',#4457,#436);
#133=LINE('',#4459,#437);
#134=LINE('',#4461,#438);
#135=LINE('',#4467,#439);
#136=LINE('',#4469,#440);
#137=LINE('',#4471,#441);
#138=LINE('',#4473,#442);
#139=LINE('',#4479,#443);
#140=LINE('',#4481,#444);
#141=LINE('',#4483,#445);
#142=LINE('',#4485,#446);
#143=LINE('',#4491,#447);
#144=LINE('',#4493,#448);
#145=LINE('',#4495,#449);
#146=LINE('',#4497,#450);
#147=LINE('',#4503,#451);
#148=LINE('',#4505,#452);
#149=LINE('',#4507,#453);
#150=LINE('',#4509,#454);
#151=LINE('',#4515,#455);
#152=LINE('',#4517,#456);
#153=LINE('',#4519,#457);
#154=LINE('',#4521,#458);
#155=LINE('',#4527,#459);
#156=LINE('',#4529,#460);
#157=LINE('',#4531,#461);
#158=LINE('',#4533,#462);
#159=LINE('',#4539,#463);
#160=LINE('',#4541,#464);
#161=LINE('',#4543,#465);
#162=LINE('',#4545,#466);
#163=LINE('',#4551,#467);
#164=LINE('',#4553,#468);
#165=LINE('',#4555,#469);
#166=LINE('',#4557,#470);
#167=LINE('',#4563,#471);
#168=LINE('',#4565,#472);
#169=LINE('',#4567,#473);
#170=LINE('',#4569,#474);
#171=LINE('',#4575,#475);
#172=LINE('',#4577,#476);
#173=LINE('',#4579,#477);
#174=LINE('',#4581,#478);
#175=LINE('',#4587,#479);
#176=LINE('',#4589,#480);
#177=LINE('',#4591,#481);
#178=LINE('',#4593,#482);
#179=LINE('',#4599,#483);
#180=LINE('',#4601,#484);
#181=LINE('',#4603,#485);
#182=LINE('',#4605,#486);
#183=LINE('',#4611,#487);
#184=LINE('',#4613,#488);
#185=LINE('',#4615,#489);
#186=LINE('',#4617,#490);
#187=LINE('',#4623,#491);
#188=LINE('',#4625,#492);
#189=LINE('',#4627,#493);
#190=LINE('',#4629,#494);
#191=LINE('',#4635,#495);
#192=LINE('',#4637,#496);
#193=LINE('',#4639,#497);
#194=LINE('',#4641,#498);
#195=LINE('',#4647,#499);
#196=LINE('',#4649,#500);
#197=LINE('',#4651,#501);
#198=LINE('',#4653,#502);
#199=LINE('',#4659,#503);
#200=LINE('',#4661,#504);
#201=LINE('',#4663,#505);
#202=LINE('',#4665,#506);
#203=LINE('',#4671,#507);
#204=LINE('',#4673,#508);
#205=LINE('',#4675,#509);
#206=LINE('',#4677,#510);
#207=LINE('',#4683,#511);
#208=LINE('',#4685,#512);
#209=LINE('',#4687,#513);
#210=LINE('',#4689,#514);
#211=LINE('',#4695,#515);
#212=LINE('',#4697,#516);
#213=LINE('',#4699,#517);
#214=LINE('',#4701,#518);
#215=LINE('',#4707,#519);
#216=LINE('',#4709,#520);
#217=LINE('',#4711,#521);
#218=LINE('',#4713,#522);
#219=LINE('',#4719,#523);
#220=LINE('',#4721,#524);
#221=LINE('',#4723,#525);
#222=LINE('',#4725,#526);
#223=LINE('',#4731,#527);
#224=LINE('',#4733,#528);
#225=LINE('',#4735,#529);
#226=LINE('',#4737,#530);
#227=LINE('',#4743,#531);
#228=LINE('',#4745,#532);
#229=LINE('',#4747,#533);
#230=LINE('',#4749,#534);
#231=LINE('',#4755,#535);
#232=LINE('',#4757,#536);
#233=LINE('',#4759,#537);
#234=LINE('',#4761,#538);
#235=LINE('',#4767,#539);
#236=LINE('',#4769,#540);
#237=LINE('',#4771,#541);
#238=LINE('',#4773,#542);
#239=LINE('',#4779,#543);
#240=LINE('',#4781,#544);
#241=LINE('',#4783,#545);
#242=LINE('',#4785,#546);
#243=LINE('',#4791,#547);
#244=LINE('',#4793,#548);
#245=LINE('',#4795,#549);
#246=LINE('',#4797,#550);
#247=LINE('',#4803,#551);
#248=LINE('',#4805,#552);
#249=LINE('',#4807,#553);
#250=LINE('',#4809,#554);
#251=LINE('',#4815,#555);
#252=LINE('',#4817,#556);
#253=LINE('',#4819,#557);
#254=LINE('',#4821,#558);
#255=LINE('',#4827,#559);
#256=LINE('',#4829,#560);
#257=LINE('',#4831,#561);
#258=LINE('',#4833,#562);
#259=LINE('',#4839,#563);
#260=LINE('',#4841,#564);
#261=LINE('',#4843,#565);
#262=LINE('',#4845,#566);
#263=LINE('',#4851,#567);
#264=LINE('',#4853,#568);
#265=LINE('',#4855,#569);
#266=LINE('',#4857,#570);
#267=LINE('',#4863,#571);
#268=LINE('',#4865,#572);
#269=LINE('',#4867,#573);
#270=LINE('',#4869,#574);
#271=LINE('',#4875,#575);
#272=LINE('',#4877,#576);
#273=LINE('',#4879,#577);
#274=LINE('',#4881,#578);
#275=LINE('',#4887,#579);
#276=LINE('',#4889,#580);
#277=LINE('',#4891,#581);
#278=LINE('',#4893,#582);
#279=LINE('',#4899,#583);
#280=LINE('',#4901,#584);
#281=LINE('',#4903,#585);
#282=LINE('',#4905,#586);
#283=LINE('',#4911,#587);
#284=LINE('',#4913,#588);
#285=LINE('',#4915,#589);
#286=LINE('',#4917,#590);
#287=LINE('',#4923,#591);
#288=LINE('',#4925,#592);
#289=LINE('',#4927,#593);
#290=LINE('',#4929,#594);
#291=LINE('',#4935,#595);
#292=LINE('',#4937,#596);
#293=LINE('',#4939,#597);
#294=LINE('',#4941,#598);
#295=LINE('',#4947,#599);
#296=LINE('',#4949,#600);
#297=LINE('',#4951,#601);
#298=LINE('',#4953,#602);
#299=LINE('',#4959,#603);
#300=LINE('',#4961,#604);
#301=LINE('',#4963,#605);
#302=LINE('',#4965,#606);
#303=LINE('',#4971,#607);
#304=LINE('',#4973,#608);
#305=LINE('',#4975,#609);
#306=LINE('',#4977,#610);
#307=LINE('',#4983,#611);
#308=LINE('',#4985,#612);
#309=LINE('',#4987,#613);
#310=LINE('',#4989,#614);
#311=LINE('',#4995,#615);
#312=LINE('',#4997,#616);
#313=LINE('',#4999,#617);
#314=LINE('',#5001,#618);
#315=LINE('',#5007,#619);
#316=LINE('',#5009,#620);
#317=LINE('',#5011,#621);
#318=LINE('',#5013,#622);
#319=LINE('',#5019,#623);
#320=LINE('',#5021,#624);
#321=LINE('',#5023,#625);
#322=LINE('',#5025,#626);
#323=LINE('',#5031,#627);
#324=LINE('',#5033,#628);
#325=LINE('',#5035,#629);
#326=LINE('',#5037,#630);
#327=LINE('',#5043,#631);
#328=LINE('',#5045,#632);
#329=LINE('',#5047,#633);
#330=LINE('',#5049,#634);
#331=LINE('',#5055,#635);
#332=LINE('',#5057,#636);
#333=LINE('',#5059,#637);
#334=LINE('',#5061,#638);
#335=LINE('',#5067,#639);
#336=LINE('',#5072,#640);
#337=LINE('',#5076,#641);
#338=LINE('',#5078,#642);
#339=LINE('',#5080,#643);
#340=LINE('',#5082,#644);
#341=LINE('',#5088,#645);
#342=LINE('',#5090,#646);
#343=LINE('',#5092,#647);
#344=LINE('',#5094,#648);
#345=LINE('',#5100,#649);
#346=LINE('',#5102,#650);
#347=LINE('',#5104,#651);
#348=LINE('',#5106,#652);
#349=LINE('',#5112,#653);
#350=LINE('',#5117,#654);
#351=LINE('',#5121,#655);
#352=LINE('',#5123,#656);
#353=LINE('',#5125,#657);
#354=LINE('',#5127,#658);
#355=LINE('',#5133,#659);
#356=LINE('',#5135,#660);
#357=LINE('',#5137,#661);
#358=LINE('',#5139,#662);
#359=LINE('',#5145,#663);
#360=LINE('',#5147,#664);
#361=LINE('',#5149,#665);
#362=LINE('',#5151,#666);
#363=LINE('',#5157,#667);
#364=LINE('',#5159,#668);
#365=LINE('',#5162,#669);
#366=LINE('',#5164,#670);
#367=LINE('',#5166,#671);
#368=LINE('',#5172,#672);
#369=LINE('',#5174,#673);
#370=LINE('',#5176,#674);
#371=LINE('',#5178,#675);
#372=LINE('',#5184,#676);
#373=LINE('',#5186,#677);
#374=LINE('',#5188,#678);
#375=LINE('',#5190,#679);
#376=LINE('',#5196,#680);
#377=LINE('',#5198,#681);
#378=LINE('',#5200,#682);
#379=LINE('',#5202,#683);
#380=LINE('',#5204,#684);
#381=LINE('',#5207,#685);
#382=LINE('',#5209,#686);
#383=LINE('',#5211,#687);
#384=LINE('',#5217,#688);
#385=LINE('',#5219,#689);
#386=LINE('',#5221,#690);
#387=LINE('',#5223,#691);
#388=LINE('',#5229,#692);
#389=LINE('',#5231,#693);
#390=LINE('',#5233,#694);
#391=LINE('',#5235,#695);
#392=LINE('',#5241,#696);
#393=LINE('',#5243,#697);
#394=LINE('',#5245,#698);
#395=LINE('',#5247,#699);
#396=LINE('',#5249,#700);
#397=LINE('',#5250,#701);
#398=LINE('',#5252,#702);
#399=LINE('',#5253,#703);
#400=LINE('',#5266,#704);
#401=LINE('',#5267,#705);
#402=VECTOR('',#3432,1000.);
#403=VECTOR('',#3435,1000.);
#404=VECTOR('',#3438,1000.);
#405=VECTOR('',#3439,1000.);
#406=VECTOR('',#3440,1000.);
#407=VECTOR('',#3447,1000.);
#408=VECTOR('',#3450,1000.);
#409=VECTOR('',#3451,1000.);
#410=VECTOR('',#3452,1000.);
#411=VECTOR('',#3459,1000.);
#412=VECTOR('',#3462,1000.);
#413=VECTOR('',#3463,1000.);
#414=VECTOR('',#3464,1000.);
#415=VECTOR('',#3471,1000.);
#416=VECTOR('',#3474,1000.);
#417=VECTOR('',#3475,1000.);
#418=VECTOR('',#3476,1000.);
#419=VECTOR('',#3483,1000.);
#420=VECTOR('',#3486,1000.);
#421=VECTOR('',#3487,1000.);
#422=VECTOR('',#3488,1000.);
#423=VECTOR('',#3495,1000.);
#424=VECTOR('',#3498,1000.);
#425=VECTOR('',#3499,1000.);
#426=VECTOR('',#3500,1000.);
#427=VECTOR('',#3507,1000.);
#428=VECTOR('',#3510,1000.);
#429=VECTOR('',#3511,1000.);
#430=VECTOR('',#3512,1000.);
#431=VECTOR('',#3519,1000.);
#432=VECTOR('',#3522,1000.);
#433=VECTOR('',#3523,1000.);
#434=VECTOR('',#3524,1000.);
#435=VECTOR('',#3531,1000.);
#436=VECTOR('',#3534,1000.);
#437=VECTOR('',#3535,1000.);
#438=VECTOR('',#3536,1000.);
#439=VECTOR('',#3543,1000.);
#440=VECTOR('',#3546,1000.);
#441=VECTOR('',#3547,1000.);
#442=VECTOR('',#3548,1000.);
#443=VECTOR('',#3555,1000.);
#444=VECTOR('',#3558,1000.);
#445=VECTOR('',#3559,1000.);
#446=VECTOR('',#3560,1000.);
#447=VECTOR('',#3567,1000.);
#448=VECTOR('',#3570,1000.);
#449=VECTOR('',#3571,1000.);
#450=VECTOR('',#3572,1000.);
#451=VECTOR('',#3579,1000.);
#452=VECTOR('',#3582,1000.);
#453=VECTOR('',#3583,1000.);
#454=VECTOR('',#3584,1000.);
#455=VECTOR('',#3591,1000.);
#456=VECTOR('',#3594,1000.);
#457=VECTOR('',#3595,1000.);
#458=VECTOR('',#3596,1000.);
#459=VECTOR('',#3603,1000.);
#460=VECTOR('',#3606,1000.);
#461=VECTOR('',#3607,1000.);
#462=VECTOR('',#3608,1000.);
#463=VECTOR('',#3615,1000.);
#464=VECTOR('',#3618,1000.);
#465=VECTOR('',#3619,1000.);
#466=VECTOR('',#3620,1000.);
#467=VECTOR('',#3627,1000.);
#468=VECTOR('',#3630,1000.);
#469=VECTOR('',#3631,1000.);
#470=VECTOR('',#3632,1000.);
#471=VECTOR('',#3639,1000.);
#472=VECTOR('',#3642,1000.);
#473=VECTOR('',#3643,1000.);
#474=VECTOR('',#3644,1000.);
#475=VECTOR('',#3651,1000.);
#476=VECTOR('',#3654,1000.);
#477=VECTOR('',#3655,1000.);
#478=VECTOR('',#3656,1000.);
#479=VECTOR('',#3663,1000.);
#480=VECTOR('',#3666,1000.);
#481=VECTOR('',#3667,1000.);
#482=VECTOR('',#3668,1000.);
#483=VECTOR('',#3675,1000.);
#484=VECTOR('',#3678,1000.);
#485=VECTOR('',#3679,1000.);
#486=VECTOR('',#3680,1000.);
#487=VECTOR('',#3687,1000.);
#488=VECTOR('',#3690,1000.);
#489=VECTOR('',#3691,1000.);
#490=VECTOR('',#3692,1000.);
#491=VECTOR('',#3699,1000.);
#492=VECTOR('',#3702,1000.);
#493=VECTOR('',#3703,1000.);
#494=VECTOR('',#3704,1000.);
#495=VECTOR('',#3711,1000.);
#496=VECTOR('',#3714,1000.);
#497=VECTOR('',#3715,1000.);
#498=VECTOR('',#3716,1000.);
#499=VECTOR('',#3723,1000.);
#500=VECTOR('',#3726,1000.);
#501=VECTOR('',#3727,1000.);
#502=VECTOR('',#3728,1000.);
#503=VECTOR('',#3735,1000.);
#504=VECTOR('',#3738,1000.);
#505=VECTOR('',#3739,1000.);
#506=VECTOR('',#3740,1000.);
#507=VECTOR('',#3747,1000.);
#508=VECTOR('',#3750,1000.);
#509=VECTOR('',#3751,1000.);
#510=VECTOR('',#3752,1000.);
#511=VECTOR('',#3759,1000.);
#512=VECTOR('',#3762,1000.);
#513=VECTOR('',#3763,1000.);
#514=VECTOR('',#3764,1000.);
#515=VECTOR('',#3771,1000.);
#516=VECTOR('',#3774,1000.);
#517=VECTOR('',#3775,1000.);
#518=VECTOR('',#3776,1000.);
#519=VECTOR('',#3783,1000.);
#520=VECTOR('',#3786,1000.);
#521=VECTOR('',#3787,1000.);
#522=VECTOR('',#3788,1000.);
#523=VECTOR('',#3795,1000.);
#524=VECTOR('',#3798,1000.);
#525=VECTOR('',#3799,1000.);
#526=VECTOR('',#3800,1000.);
#527=VECTOR('',#3807,1000.);
#528=VECTOR('',#3810,1000.);
#529=VECTOR('',#3811,1000.);
#530=VECTOR('',#3812,1000.);
#531=VECTOR('',#3819,1000.);
#532=VECTOR('',#3822,1000.);
#533=VECTOR('',#3823,1000.);
#534=VECTOR('',#3824,1000.);
#535=VECTOR('',#3831,1000.);
#536=VECTOR('',#3834,1000.);
#537=VECTOR('',#3835,1000.);
#538=VECTOR('',#3836,1000.);
#539=VECTOR('',#3843,1000.);
#540=VECTOR('',#3846,1000.);
#541=VECTOR('',#3847,1000.);
#542=VECTOR('',#3848,1000.);
#543=VECTOR('',#3855,1000.);
#544=VECTOR('',#3858,1000.);
#545=VECTOR('',#3859,1000.);
#546=VECTOR('',#3860,1000.);
#547=VECTOR('',#3867,1000.);
#548=VECTOR('',#3870,1000.);
#549=VECTOR('',#3871,1000.);
#550=VECTOR('',#3872,1000.);
#551=VECTOR('',#3879,1000.);
#552=VECTOR('',#3882,1000.);
#553=VECTOR('',#3883,1000.);
#554=VECTOR('',#3884,1000.);
#555=VECTOR('',#3891,1000.);
#556=VECTOR('',#3894,1000.);
#557=VECTOR('',#3895,1000.);
#558=VECTOR('',#3896,1000.);
#559=VECTOR('',#3903,1000.);
#560=VECTOR('',#3906,1000.);
#561=VECTOR('',#3907,1000.);
#562=VECTOR('',#3908,1000.);
#563=VECTOR('',#3915,1000.);
#564=VECTOR('',#3918,1000.);
#565=VECTOR('',#3919,1000.);
#566=VECTOR('',#3920,1000.);
#567=VECTOR('',#3927,1000.);
#568=VECTOR('',#3930,1000.);
#569=VECTOR('',#3931,1000.);
#570=VECTOR('',#3932,1000.);
#571=VECTOR('',#3939,1000.);
#572=VECTOR('',#3942,1000.);
#573=VECTOR('',#3943,1000.);
#574=VECTOR('',#3944,1000.);
#575=VECTOR('',#3951,1000.);
#576=VECTOR('',#3954,1000.);
#577=VECTOR('',#3955,1000.);
#578=VECTOR('',#3956,1000.);
#579=VECTOR('',#3963,1000.);
#580=VECTOR('',#3966,1000.);
#581=VECTOR('',#3967,1000.);
#582=VECTOR('',#3968,1000.);
#583=VECTOR('',#3975,1000.);
#584=VECTOR('',#3978,1000.);
#585=VECTOR('',#3979,1000.);
#586=VECTOR('',#3980,1000.);
#587=VECTOR('',#3987,1000.);
#588=VECTOR('',#3990,1000.);
#589=VECTOR('',#3991,1000.);
#590=VECTOR('',#3992,1000.);
#591=VECTOR('',#3999,1000.);
#592=VECTOR('',#4002,1000.);
#593=VECTOR('',#4003,1000.);
#594=VECTOR('',#4004,1000.);
#595=VECTOR('',#4011,1000.);
#596=VECTOR('',#4014,1000.);
#597=VECTOR('',#4015,1000.);
#598=VECTOR('',#4016,1000.);
#599=VECTOR('',#4023,1000.);
#600=VECTOR('',#4026,1000.);
#601=VECTOR('',#4027,1000.);
#602=VECTOR('',#4028,1000.);
#603=VECTOR('',#4035,1000.);
#604=VECTOR('',#4038,1000.);
#605=VECTOR('',#4039,1000.);
#606=VECTOR('',#4040,1000.);
#607=VECTOR('',#4047,1000.);
#608=VECTOR('',#4050,1000.);
#609=VECTOR('',#4051,1000.);
#610=VECTOR('',#4052,1000.);
#611=VECTOR('',#4059,1000.);
#612=VECTOR('',#4062,1000.);
#613=VECTOR('',#4063,1000.);
#614=VECTOR('',#4064,1000.);
#615=VECTOR('',#4071,1000.);
#616=VECTOR('',#4074,1000.);
#617=VECTOR('',#4075,1000.);
#618=VECTOR('',#4076,1000.);
#619=VECTOR('',#4083,1000.);
#620=VECTOR('',#4086,1000.);
#621=VECTOR('',#4087,1000.);
#622=VECTOR('',#4088,1000.);
#623=VECTOR('',#4095,1000.);
#624=VECTOR('',#4098,1000.);
#625=VECTOR('',#4099,1000.);
#626=VECTOR('',#4100,1000.);
#627=VECTOR('',#4107,1000.);
#628=VECTOR('',#4110,1000.);
#629=VECTOR('',#4111,1000.);
#630=VECTOR('',#4112,1000.);
#631=VECTOR('',#4119,1000.);
#632=VECTOR('',#4122,1000.);
#633=VECTOR('',#4123,1000.);
#634=VECTOR('',#4124,1000.);
#635=VECTOR('',#4131,1000.);
#636=VECTOR('',#4134,1000.);
#637=VECTOR('',#4135,1000.);
#638=VECTOR('',#4136,1000.);
#639=VECTOR('',#4143,1000.);
#640=VECTOR('',#4148,1000.);
#641=VECTOR('',#4151,1000.);
#642=VECTOR('',#4154,1000.);
#643=VECTOR('',#4155,1000.);
#644=VECTOR('',#4156,1000.);
#645=VECTOR('',#4163,1000.);
#646=VECTOR('',#4166,1000.);
#647=VECTOR('',#4167,1000.);
#648=VECTOR('',#4168,1000.);
#649=VECTOR('',#4175,1000.);
#650=VECTOR('',#4178,1000.);
#651=VECTOR('',#4179,1000.);
#652=VECTOR('',#4180,1000.);
#653=VECTOR('',#4187,1000.);
#654=VECTOR('',#4192,1000.);
#655=VECTOR('',#4195,1000.);
#656=VECTOR('',#4198,1000.);
#657=VECTOR('',#4199,1000.);
#658=VECTOR('',#4200,1000.);
#659=VECTOR('',#4207,1000.);
#660=VECTOR('',#4210,1000.);
#661=VECTOR('',#4211,1000.);
#662=VECTOR('',#4212,1000.);
#663=VECTOR('',#4219,1000.);
#664=VECTOR('',#4222,1000.);
#665=VECTOR('',#4223,1000.);
#666=VECTOR('',#4224,1000.);
#667=VECTOR('',#4231,1000.);
#668=VECTOR('',#4234,1000.);
#669=VECTOR('',#4235,1000.);
#670=VECTOR('',#4236,1000.);
#671=VECTOR('',#4237,1000.);
#672=VECTOR('',#4244,1000.);
#673=VECTOR('',#4247,1000.);
#674=VECTOR('',#4248,1000.);
#675=VECTOR('',#4249,1000.);
#676=VECTOR('',#4256,1000.);
#677=VECTOR('',#4259,1000.);
#678=VECTOR('',#4260,1000.);
#679=VECTOR('',#4261,1000.);
#680=VECTOR('',#4268,1000.);
#681=VECTOR('',#4271,1000.);
#682=VECTOR('',#4272,1000.);
#683=VECTOR('',#4273,1000.);
#684=VECTOR('',#4276,1000.);
#685=VECTOR('',#4277,1000.);
#686=VECTOR('',#4278,1000.);
#687=VECTOR('',#4279,1000.);
#688=VECTOR('',#4286,1000.);
#689=VECTOR('',#4289,1000.);
#690=VECTOR('',#4290,1000.);
#691=VECTOR('',#4291,1000.);
#692=VECTOR('',#4298,1000.);
#693=VECTOR('',#4301,1000.);
#694=VECTOR('',#4302,1000.);
#695=VECTOR('',#4303,1000.);
#696=VECTOR('',#4310,1000.);
#697=VECTOR('',#4313,1000.);
#698=VECTOR('',#4314,1000.);
#699=VECTOR('',#4315,1000.);
#700=VECTOR('',#4318,1000.);
#701=VECTOR('',#4319,1000.);
#702=VECTOR('',#4322,1000.);
#703=VECTOR('',#4323,1000.);
#704=VECTOR('',#4344,1000.);
#705=VECTOR('',#4345,1000.);
#706=ORIENTED_EDGE('',*,*,#1622,.F.);
#707=ORIENTED_EDGE('',*,*,#1623,.F.);
#708=ORIENTED_EDGE('',*,*,#1624,.T.);
#709=ORIENTED_EDGE('',*,*,#1625,.T.);
#710=ORIENTED_EDGE('',*,*,#1626,.F.);
#711=ORIENTED_EDGE('',*,*,#1625,.F.);
#712=ORIENTED_EDGE('',*,*,#1627,.T.);
#713=ORIENTED_EDGE('',*,*,#1628,.T.);
#714=ORIENTED_EDGE('',*,*,#1629,.F.);
#715=ORIENTED_EDGE('',*,*,#1628,.F.);
#716=ORIENTED_EDGE('',*,*,#1630,.T.);
#717=ORIENTED_EDGE('',*,*,#1631,.T.);
#718=ORIENTED_EDGE('',*,*,#1632,.F.);
#719=ORIENTED_EDGE('',*,*,#1631,.F.);
#720=ORIENTED_EDGE('',*,*,#1633,.T.);
#721=ORIENTED_EDGE('',*,*,#1634,.T.);
#722=ORIENTED_EDGE('',*,*,#1635,.F.);
#723=ORIENTED_EDGE('',*,*,#1634,.F.);
#724=ORIENTED_EDGE('',*,*,#1636,.T.);
#725=ORIENTED_EDGE('',*,*,#1637,.T.);
#726=ORIENTED_EDGE('',*,*,#1638,.F.);
#727=ORIENTED_EDGE('',*,*,#1637,.F.);
#728=ORIENTED_EDGE('',*,*,#1639,.T.);
#729=ORIENTED_EDGE('',*,*,#1640,.T.);
#730=ORIENTED_EDGE('',*,*,#1641,.F.);
#731=ORIENTED_EDGE('',*,*,#1640,.F.);
#732=ORIENTED_EDGE('',*,*,#1642,.T.);
#733=ORIENTED_EDGE('',*,*,#1643,.T.);
#734=ORIENTED_EDGE('',*,*,#1644,.F.);
#735=ORIENTED_EDGE('',*,*,#1643,.F.);
#736=ORIENTED_EDGE('',*,*,#1645,.T.);
#737=ORIENTED_EDGE('',*,*,#1646,.T.);
#738=ORIENTED_EDGE('',*,*,#1647,.F.);
#739=ORIENTED_EDGE('',*,*,#1646,.F.);
#740=ORIENTED_EDGE('',*,*,#1648,.T.);
#741=ORIENTED_EDGE('',*,*,#1649,.T.);
#742=ORIENTED_EDGE('',*,*,#1650,.F.);
#743=ORIENTED_EDGE('',*,*,#1649,.F.);
#744=ORIENTED_EDGE('',*,*,#1651,.T.);
#745=ORIENTED_EDGE('',*,*,#1652,.T.);
#746=ORIENTED_EDGE('',*,*,#1653,.T.);
#747=ORIENTED_EDGE('',*,*,#1652,.F.);
#748=ORIENTED_EDGE('',*,*,#1654,.F.);
#749=ORIENTED_EDGE('',*,*,#1655,.T.);
#750=ORIENTED_EDGE('',*,*,#1656,.F.);
#751=ORIENTED_EDGE('',*,*,#1655,.F.);
#752=ORIENTED_EDGE('',*,*,#1657,.T.);
#753=ORIENTED_EDGE('',*,*,#1658,.T.);
#754=ORIENTED_EDGE('',*,*,#1659,.T.);
#755=ORIENTED_EDGE('',*,*,#1658,.F.);
#756=ORIENTED_EDGE('',*,*,#1660,.F.);
#757=ORIENTED_EDGE('',*,*,#1661,.T.);
#758=ORIENTED_EDGE('',*,*,#1662,.F.);
#759=ORIENTED_EDGE('',*,*,#1661,.F.);
#760=ORIENTED_EDGE('',*,*,#1663,.T.);
#761=ORIENTED_EDGE('',*,*,#1664,.T.);
#762=ORIENTED_EDGE('',*,*,#1665,.T.);
#763=ORIENTED_EDGE('',*,*,#1664,.F.);
#764=ORIENTED_EDGE('',*,*,#1666,.F.);
#765=ORIENTED_EDGE('',*,*,#1667,.T.);
#766=ORIENTED_EDGE('',*,*,#1668,.F.);
#767=ORIENTED_EDGE('',*,*,#1667,.F.);
#768=ORIENTED_EDGE('',*,*,#1669,.T.);
#769=ORIENTED_EDGE('',*,*,#1670,.T.);
#770=ORIENTED_EDGE('',*,*,#1671,.T.);
#771=ORIENTED_EDGE('',*,*,#1670,.F.);
#772=ORIENTED_EDGE('',*,*,#1672,.F.);
#773=ORIENTED_EDGE('',*,*,#1673,.T.);
#774=ORIENTED_EDGE('',*,*,#1674,.F.);
#775=ORIENTED_EDGE('',*,*,#1673,.F.);
#776=ORIENTED_EDGE('',*,*,#1675,.T.);
#777=ORIENTED_EDGE('',*,*,#1676,.T.);
#778=ORIENTED_EDGE('',*,*,#1677,.T.);
#779=ORIENTED_EDGE('',*,*,#1676,.F.);
#780=ORIENTED_EDGE('',*,*,#1678,.F.);
#781=ORIENTED_EDGE('',*,*,#1679,.T.);
#782=ORIENTED_EDGE('',*,*,#1680,.F.);
#783=ORIENTED_EDGE('',*,*,#1679,.F.);
#784=ORIENTED_EDGE('',*,*,#1681,.T.);
#785=ORIENTED_EDGE('',*,*,#1682,.T.);
#786=ORIENTED_EDGE('',*,*,#1683,.T.);
#787=ORIENTED_EDGE('',*,*,#1682,.F.);
#788=ORIENTED_EDGE('',*,*,#1684,.F.);
#789=ORIENTED_EDGE('',*,*,#1685,.T.);
#790=ORIENTED_EDGE('',*,*,#1686,.F.);
#791=ORIENTED_EDGE('',*,*,#1685,.F.);
#792=ORIENTED_EDGE('',*,*,#1687,.T.);
#793=ORIENTED_EDGE('',*,*,#1688,.T.);
#794=ORIENTED_EDGE('',*,*,#1689,.T.);
#795=ORIENTED_EDGE('',*,*,#1688,.F.);
#796=ORIENTED_EDGE('',*,*,#1690,.F.);
#797=ORIENTED_EDGE('',*,*,#1691,.T.);
#798=ORIENTED_EDGE('',*,*,#1692,.F.);
#799=ORIENTED_EDGE('',*,*,#1691,.F.);
#800=ORIENTED_EDGE('',*,*,#1693,.T.);
#801=ORIENTED_EDGE('',*,*,#1694,.T.);
#802=ORIENTED_EDGE('',*,*,#1695,.T.);
#803=ORIENTED_EDGE('',*,*,#1694,.F.);
#804=ORIENTED_EDGE('',*,*,#1696,.F.);
#805=ORIENTED_EDGE('',*,*,#1697,.T.);
#806=ORIENTED_EDGE('',*,*,#1698,.F.);
#807=ORIENTED_EDGE('',*,*,#1697,.F.);
#808=ORIENTED_EDGE('',*,*,#1699,.T.);
#809=ORIENTED_EDGE('',*,*,#1700,.T.);
#810=ORIENTED_EDGE('',*,*,#1701,.F.);
#811=ORIENTED_EDGE('',*,*,#1700,.F.);
#812=ORIENTED_EDGE('',*,*,#1702,.T.);
#813=ORIENTED_EDGE('',*,*,#1703,.T.);
#814=ORIENTED_EDGE('',*,*,#1704,.F.);
#815=ORIENTED_EDGE('',*,*,#1703,.F.);
#816=ORIENTED_EDGE('',*,*,#1705,.T.);
#817=ORIENTED_EDGE('',*,*,#1706,.T.);
#818=ORIENTED_EDGE('',*,*,#1707,.F.);
#819=ORIENTED_EDGE('',*,*,#1706,.F.);
#820=ORIENTED_EDGE('',*,*,#1708,.T.);
#821=ORIENTED_EDGE('',*,*,#1709,.T.);
#822=ORIENTED_EDGE('',*,*,#1710,.F.);
#823=ORIENTED_EDGE('',*,*,#1709,.F.);
#824=ORIENTED_EDGE('',*,*,#1711,.T.);
#825=ORIENTED_EDGE('',*,*,#1712,.T.);
#826=ORIENTED_EDGE('',*,*,#1713,.F.);
#827=ORIENTED_EDGE('',*,*,#1712,.F.);
#828=ORIENTED_EDGE('',*,*,#1714,.T.);
#829=ORIENTED_EDGE('',*,*,#1715,.T.);
#830=ORIENTED_EDGE('',*,*,#1716,.F.);
#831=ORIENTED_EDGE('',*,*,#1715,.F.);
#832=ORIENTED_EDGE('',*,*,#1717,.T.);
#833=ORIENTED_EDGE('',*,*,#1718,.T.);
#834=ORIENTED_EDGE('',*,*,#1719,.F.);
#835=ORIENTED_EDGE('',*,*,#1718,.F.);
#836=ORIENTED_EDGE('',*,*,#1720,.T.);
#837=ORIENTED_EDGE('',*,*,#1721,.T.);
#838=ORIENTED_EDGE('',*,*,#1722,.F.);
#839=ORIENTED_EDGE('',*,*,#1721,.F.);
#840=ORIENTED_EDGE('',*,*,#1723,.T.);
#841=ORIENTED_EDGE('',*,*,#1724,.T.);
#842=ORIENTED_EDGE('',*,*,#1725,.F.);
#843=ORIENTED_EDGE('',*,*,#1724,.F.);
#844=ORIENTED_EDGE('',*,*,#1726,.T.);
#845=ORIENTED_EDGE('',*,*,#1727,.T.);
#846=ORIENTED_EDGE('',*,*,#1728,.F.);
#847=ORIENTED_EDGE('',*,*,#1727,.F.);
#848=ORIENTED_EDGE('',*,*,#1729,.T.);
#849=ORIENTED_EDGE('',*,*,#1730,.T.);
#850=ORIENTED_EDGE('',*,*,#1731,.F.);
#851=ORIENTED_EDGE('',*,*,#1730,.F.);
#852=ORIENTED_EDGE('',*,*,#1732,.T.);
#853=ORIENTED_EDGE('',*,*,#1733,.T.);
#854=ORIENTED_EDGE('',*,*,#1734,.F.);
#855=ORIENTED_EDGE('',*,*,#1733,.F.);
#856=ORIENTED_EDGE('',*,*,#1735,.T.);
#857=ORIENTED_EDGE('',*,*,#1736,.T.);
#858=ORIENTED_EDGE('',*,*,#1737,.F.);
#859=ORIENTED_EDGE('',*,*,#1736,.F.);
#860=ORIENTED_EDGE('',*,*,#1738,.T.);
#861=ORIENTED_EDGE('',*,*,#1739,.T.);
#862=ORIENTED_EDGE('',*,*,#1740,.F.);
#863=ORIENTED_EDGE('',*,*,#1739,.F.);
#864=ORIENTED_EDGE('',*,*,#1741,.T.);
#865=ORIENTED_EDGE('',*,*,#1742,.T.);
#866=ORIENTED_EDGE('',*,*,#1743,.T.);
#867=ORIENTED_EDGE('',*,*,#1742,.F.);
#868=ORIENTED_EDGE('',*,*,#1744,.F.);
#869=ORIENTED_EDGE('',*,*,#1745,.T.);
#870=ORIENTED_EDGE('',*,*,#1746,.F.);
#871=ORIENTED_EDGE('',*,*,#1745,.F.);
#872=ORIENTED_EDGE('',*,*,#1747,.T.);
#873=ORIENTED_EDGE('',*,*,#1748,.T.);
#874=ORIENTED_EDGE('',*,*,#1749,.T.);
#875=ORIENTED_EDGE('',*,*,#1748,.F.);
#876=ORIENTED_EDGE('',*,*,#1750,.F.);
#877=ORIENTED_EDGE('',*,*,#1751,.T.);
#878=ORIENTED_EDGE('',*,*,#1752,.F.);
#879=ORIENTED_EDGE('',*,*,#1751,.F.);
#880=ORIENTED_EDGE('',*,*,#1753,.T.);
#881=ORIENTED_EDGE('',*,*,#1754,.T.);
#882=ORIENTED_EDGE('',*,*,#1755,.T.);
#883=ORIENTED_EDGE('',*,*,#1754,.F.);
#884=ORIENTED_EDGE('',*,*,#1756,.F.);
#885=ORIENTED_EDGE('',*,*,#1757,.T.);
#886=ORIENTED_EDGE('',*,*,#1758,.F.);
#887=ORIENTED_EDGE('',*,*,#1757,.F.);
#888=ORIENTED_EDGE('',*,*,#1759,.T.);
#889=ORIENTED_EDGE('',*,*,#1760,.T.);
#890=ORIENTED_EDGE('',*,*,#1761,.T.);
#891=ORIENTED_EDGE('',*,*,#1760,.F.);
#892=ORIENTED_EDGE('',*,*,#1762,.F.);
#893=ORIENTED_EDGE('',*,*,#1763,.T.);
#894=ORIENTED_EDGE('',*,*,#1764,.F.);
#895=ORIENTED_EDGE('',*,*,#1763,.F.);
#896=ORIENTED_EDGE('',*,*,#1765,.T.);
#897=ORIENTED_EDGE('',*,*,#1766,.T.);
#898=ORIENTED_EDGE('',*,*,#1767,.T.);
#899=ORIENTED_EDGE('',*,*,#1766,.F.);
#900=ORIENTED_EDGE('',*,*,#1768,.F.);
#901=ORIENTED_EDGE('',*,*,#1769,.T.);
#902=ORIENTED_EDGE('',*,*,#1770,.F.);
#903=ORIENTED_EDGE('',*,*,#1769,.F.);
#904=ORIENTED_EDGE('',*,*,#1771,.T.);
#905=ORIENTED_EDGE('',*,*,#1772,.T.);
#906=ORIENTED_EDGE('',*,*,#1773,.T.);
#907=ORIENTED_EDGE('',*,*,#1772,.F.);
#908=ORIENTED_EDGE('',*,*,#1774,.F.);
#909=ORIENTED_EDGE('',*,*,#1775,.T.);
#910=ORIENTED_EDGE('',*,*,#1776,.F.);
#911=ORIENTED_EDGE('',*,*,#1775,.F.);
#912=ORIENTED_EDGE('',*,*,#1777,.T.);
#913=ORIENTED_EDGE('',*,*,#1778,.T.);
#914=ORIENTED_EDGE('',*,*,#1779,.T.);
#915=ORIENTED_EDGE('',*,*,#1778,.F.);
#916=ORIENTED_EDGE('',*,*,#1780,.F.);
#917=ORIENTED_EDGE('',*,*,#1781,.T.);
#918=ORIENTED_EDGE('',*,*,#1782,.F.);
#919=ORIENTED_EDGE('',*,*,#1781,.F.);
#920=ORIENTED_EDGE('',*,*,#1783,.T.);
#921=ORIENTED_EDGE('',*,*,#1784,.T.);
#922=ORIENTED_EDGE('',*,*,#1785,.T.);
#923=ORIENTED_EDGE('',*,*,#1784,.F.);
#924=ORIENTED_EDGE('',*,*,#1786,.F.);
#925=ORIENTED_EDGE('',*,*,#1787,.T.);
#926=ORIENTED_EDGE('',*,*,#1788,.F.);
#927=ORIENTED_EDGE('',*,*,#1787,.F.);
#928=ORIENTED_EDGE('',*,*,#1789,.T.);
#929=ORIENTED_EDGE('',*,*,#1790,.T.);
#930=ORIENTED_EDGE('',*,*,#1791,.F.);
#931=ORIENTED_EDGE('',*,*,#1790,.F.);
#932=ORIENTED_EDGE('',*,*,#1792,.T.);
#933=ORIENTED_EDGE('',*,*,#1793,.T.);
#934=ORIENTED_EDGE('',*,*,#1794,.F.);
#935=ORIENTED_EDGE('',*,*,#1793,.F.);
#936=ORIENTED_EDGE('',*,*,#1795,.T.);
#937=ORIENTED_EDGE('',*,*,#1796,.T.);
#938=ORIENTED_EDGE('',*,*,#1797,.F.);
#939=ORIENTED_EDGE('',*,*,#1796,.F.);
#940=ORIENTED_EDGE('',*,*,#1798,.T.);
#941=ORIENTED_EDGE('',*,*,#1799,.T.);
#942=ORIENTED_EDGE('',*,*,#1800,.F.);
#943=ORIENTED_EDGE('',*,*,#1799,.F.);
#944=ORIENTED_EDGE('',*,*,#1801,.T.);
#945=ORIENTED_EDGE('',*,*,#1802,.T.);
#946=ORIENTED_EDGE('',*,*,#1803,.F.);
#947=ORIENTED_EDGE('',*,*,#1802,.F.);
#948=ORIENTED_EDGE('',*,*,#1804,.T.);
#949=ORIENTED_EDGE('',*,*,#1805,.T.);
#950=ORIENTED_EDGE('',*,*,#1806,.F.);
#951=ORIENTED_EDGE('',*,*,#1805,.F.);
#952=ORIENTED_EDGE('',*,*,#1807,.T.);
#953=ORIENTED_EDGE('',*,*,#1808,.T.);
#954=ORIENTED_EDGE('',*,*,#1809,.F.);
#955=ORIENTED_EDGE('',*,*,#1808,.F.);
#956=ORIENTED_EDGE('',*,*,#1810,.T.);
#957=ORIENTED_EDGE('',*,*,#1811,.T.);
#958=ORIENTED_EDGE('',*,*,#1812,.F.);
#959=ORIENTED_EDGE('',*,*,#1811,.F.);
#960=ORIENTED_EDGE('',*,*,#1813,.T.);
#961=ORIENTED_EDGE('',*,*,#1814,.T.);
#962=ORIENTED_EDGE('',*,*,#1815,.F.);
#963=ORIENTED_EDGE('',*,*,#1814,.F.);
#964=ORIENTED_EDGE('',*,*,#1816,.T.);
#965=ORIENTED_EDGE('',*,*,#1817,.T.);
#966=ORIENTED_EDGE('',*,*,#1818,.F.);
#967=ORIENTED_EDGE('',*,*,#1817,.F.);
#968=ORIENTED_EDGE('',*,*,#1819,.T.);
#969=ORIENTED_EDGE('',*,*,#1820,.T.);
#970=ORIENTED_EDGE('',*,*,#1821,.F.);
#971=ORIENTED_EDGE('',*,*,#1820,.F.);
#972=ORIENTED_EDGE('',*,*,#1822,.T.);
#973=ORIENTED_EDGE('',*,*,#1823,.T.);
#974=ORIENTED_EDGE('',*,*,#1824,.F.);
#975=ORIENTED_EDGE('',*,*,#1823,.F.);
#976=ORIENTED_EDGE('',*,*,#1825,.T.);
#977=ORIENTED_EDGE('',*,*,#1826,.T.);
#978=ORIENTED_EDGE('',*,*,#1827,.F.);
#979=ORIENTED_EDGE('',*,*,#1826,.F.);
#980=ORIENTED_EDGE('',*,*,#1828,.T.);
#981=ORIENTED_EDGE('',*,*,#1829,.T.);
#982=ORIENTED_EDGE('',*,*,#1830,.F.);
#983=ORIENTED_EDGE('',*,*,#1829,.F.);
#984=ORIENTED_EDGE('',*,*,#1831,.T.);
#985=ORIENTED_EDGE('',*,*,#1832,.T.);
#986=ORIENTED_EDGE('',*,*,#1833,.T.);
#987=ORIENTED_EDGE('',*,*,#1832,.F.);
#988=ORIENTED_EDGE('',*,*,#1834,.F.);
#989=ORIENTED_EDGE('',*,*,#1835,.T.);
#990=ORIENTED_EDGE('',*,*,#1836,.F.);
#991=ORIENTED_EDGE('',*,*,#1835,.F.);
#992=ORIENTED_EDGE('',*,*,#1837,.T.);
#993=ORIENTED_EDGE('',*,*,#1838,.T.);
#994=ORIENTED_EDGE('',*,*,#1839,.T.);
#995=ORIENTED_EDGE('',*,*,#1838,.F.);
#996=ORIENTED_EDGE('',*,*,#1840,.F.);
#997=ORIENTED_EDGE('',*,*,#1841,.T.);
#998=ORIENTED_EDGE('',*,*,#1842,.F.);
#999=ORIENTED_EDGE('',*,*,#1841,.F.);
#1000=ORIENTED_EDGE('',*,*,#1843,.T.);
#1001=ORIENTED_EDGE('',*,*,#1844,.T.);
#1002=ORIENTED_EDGE('',*,*,#1845,.T.);
#1003=ORIENTED_EDGE('',*,*,#1844,.F.);
#1004=ORIENTED_EDGE('',*,*,#1846,.F.);
#1005=ORIENTED_EDGE('',*,*,#1847,.T.);
#1006=ORIENTED_EDGE('',*,*,#1848,.F.);
#1007=ORIENTED_EDGE('',*,*,#1847,.F.);
#1008=ORIENTED_EDGE('',*,*,#1849,.T.);
#1009=ORIENTED_EDGE('',*,*,#1850,.T.);
#1010=ORIENTED_EDGE('',*,*,#1851,.T.);
#1011=ORIENTED_EDGE('',*,*,#1850,.F.);
#1012=ORIENTED_EDGE('',*,*,#1852,.F.);
#1013=ORIENTED_EDGE('',*,*,#1853,.T.);
#1014=ORIENTED_EDGE('',*,*,#1854,.F.);
#1015=ORIENTED_EDGE('',*,*,#1853,.F.);
#1016=ORIENTED_EDGE('',*,*,#1855,.T.);
#1017=ORIENTED_EDGE('',*,*,#1856,.T.);
#1018=ORIENTED_EDGE('',*,*,#1857,.T.);
#1019=ORIENTED_EDGE('',*,*,#1856,.F.);
#1020=ORIENTED_EDGE('',*,*,#1858,.F.);
#1021=ORIENTED_EDGE('',*,*,#1859,.T.);
#1022=ORIENTED_EDGE('',*,*,#1860,.F.);
#1023=ORIENTED_EDGE('',*,*,#1859,.F.);
#1024=ORIENTED_EDGE('',*,*,#1861,.T.);
#1025=ORIENTED_EDGE('',*,*,#1862,.T.);
#1026=ORIENTED_EDGE('',*,*,#1863,.T.);
#1027=ORIENTED_EDGE('',*,*,#1862,.F.);
#1028=ORIENTED_EDGE('',*,*,#1864,.F.);
#1029=ORIENTED_EDGE('',*,*,#1865,.T.);
#1030=ORIENTED_EDGE('',*,*,#1866,.F.);
#1031=ORIENTED_EDGE('',*,*,#1865,.F.);
#1032=ORIENTED_EDGE('',*,*,#1867,.T.);
#1033=ORIENTED_EDGE('',*,*,#1868,.T.);
#1034=ORIENTED_EDGE('',*,*,#1869,.T.);
#1035=ORIENTED_EDGE('',*,*,#1868,.F.);
#1036=ORIENTED_EDGE('',*,*,#1870,.F.);
#1037=ORIENTED_EDGE('',*,*,#1871,.T.);
#1038=ORIENTED_EDGE('',*,*,#1872,.F.);
#1039=ORIENTED_EDGE('',*,*,#1871,.F.);
#1040=ORIENTED_EDGE('',*,*,#1873,.T.);
#1041=ORIENTED_EDGE('',*,*,#1874,.T.);
#1042=ORIENTED_EDGE('',*,*,#1875,.T.);
#1043=ORIENTED_EDGE('',*,*,#1874,.F.);
#1044=ORIENTED_EDGE('',*,*,#1876,.F.);
#1045=ORIENTED_EDGE('',*,*,#1877,.T.);
#1046=ORIENTED_EDGE('',*,*,#1878,.F.);
#1047=ORIENTED_EDGE('',*,*,#1877,.F.);
#1048=ORIENTED_EDGE('',*,*,#1879,.T.);
#1049=ORIENTED_EDGE('',*,*,#1880,.T.);
#1050=ORIENTED_EDGE('',*,*,#1881,.F.);
#1051=ORIENTED_EDGE('',*,*,#1880,.F.);
#1052=ORIENTED_EDGE('',*,*,#1882,.T.);
#1053=ORIENTED_EDGE('',*,*,#1883,.T.);
#1054=ORIENTED_EDGE('',*,*,#1884,.F.);
#1055=ORIENTED_EDGE('',*,*,#1883,.F.);
#1056=ORIENTED_EDGE('',*,*,#1885,.T.);
#1057=ORIENTED_EDGE('',*,*,#1886,.T.);
#1058=ORIENTED_EDGE('',*,*,#1887,.F.);
#1059=ORIENTED_EDGE('',*,*,#1886,.F.);
#1060=ORIENTED_EDGE('',*,*,#1888,.T.);
#1061=ORIENTED_EDGE('',*,*,#1889,.T.);
#1062=ORIENTED_EDGE('',*,*,#1890,.F.);
#1063=ORIENTED_EDGE('',*,*,#1889,.F.);
#1064=ORIENTED_EDGE('',*,*,#1891,.T.);
#1065=ORIENTED_EDGE('',*,*,#1892,.T.);
#1066=ORIENTED_EDGE('',*,*,#1893,.F.);
#1067=ORIENTED_EDGE('',*,*,#1892,.F.);
#1068=ORIENTED_EDGE('',*,*,#1894,.T.);
#1069=ORIENTED_EDGE('',*,*,#1895,.T.);
#1070=ORIENTED_EDGE('',*,*,#1896,.F.);
#1071=ORIENTED_EDGE('',*,*,#1895,.F.);
#1072=ORIENTED_EDGE('',*,*,#1897,.T.);
#1073=ORIENTED_EDGE('',*,*,#1898,.T.);
#1074=ORIENTED_EDGE('',*,*,#1899,.F.);
#1075=ORIENTED_EDGE('',*,*,#1898,.F.);
#1076=ORIENTED_EDGE('',*,*,#1900,.T.);
#1077=ORIENTED_EDGE('',*,*,#1901,.T.);
#1078=ORIENTED_EDGE('',*,*,#1902,.F.);
#1079=ORIENTED_EDGE('',*,*,#1901,.F.);
#1080=ORIENTED_EDGE('',*,*,#1903,.T.);
#1081=ORIENTED_EDGE('',*,*,#1904,.T.);
#1082=ORIENTED_EDGE('',*,*,#1905,.F.);
#1083=ORIENTED_EDGE('',*,*,#1904,.F.);
#1084=ORIENTED_EDGE('',*,*,#1906,.T.);
#1085=ORIENTED_EDGE('',*,*,#1907,.T.);
#1086=ORIENTED_EDGE('',*,*,#1908,.F.);
#1087=ORIENTED_EDGE('',*,*,#1907,.F.);
#1088=ORIENTED_EDGE('',*,*,#1909,.T.);
#1089=ORIENTED_EDGE('',*,*,#1910,.T.);
#1090=ORIENTED_EDGE('',*,*,#1911,.F.);
#1091=ORIENTED_EDGE('',*,*,#1910,.F.);
#1092=ORIENTED_EDGE('',*,*,#1912,.T.);
#1093=ORIENTED_EDGE('',*,*,#1913,.T.);
#1094=ORIENTED_EDGE('',*,*,#1914,.F.);
#1095=ORIENTED_EDGE('',*,*,#1913,.F.);
#1096=ORIENTED_EDGE('',*,*,#1915,.T.);
#1097=ORIENTED_EDGE('',*,*,#1916,.T.);
#1098=ORIENTED_EDGE('',*,*,#1917,.F.);
#1099=ORIENTED_EDGE('',*,*,#1916,.F.);
#1100=ORIENTED_EDGE('',*,*,#1918,.T.);
#1101=ORIENTED_EDGE('',*,*,#1919,.T.);
#1102=ORIENTED_EDGE('',*,*,#1920,.F.);
#1103=ORIENTED_EDGE('',*,*,#1919,.F.);
#1104=ORIENTED_EDGE('',*,*,#1921,.T.);
#1105=ORIENTED_EDGE('',*,*,#1922,.T.);
#1106=ORIENTED_EDGE('',*,*,#1923,.T.);
#1107=ORIENTED_EDGE('',*,*,#1922,.F.);
#1108=ORIENTED_EDGE('',*,*,#1924,.F.);
#1109=ORIENTED_EDGE('',*,*,#1925,.T.);
#1110=ORIENTED_EDGE('',*,*,#1926,.F.);
#1111=ORIENTED_EDGE('',*,*,#1925,.F.);
#1112=ORIENTED_EDGE('',*,*,#1927,.T.);
#1113=ORIENTED_EDGE('',*,*,#1928,.T.);
#1114=ORIENTED_EDGE('',*,*,#1929,.T.);
#1115=ORIENTED_EDGE('',*,*,#1928,.F.);
#1116=ORIENTED_EDGE('',*,*,#1930,.F.);
#1117=ORIENTED_EDGE('',*,*,#1931,.T.);
#1118=ORIENTED_EDGE('',*,*,#1932,.F.);
#1119=ORIENTED_EDGE('',*,*,#1931,.F.);
#1120=ORIENTED_EDGE('',*,*,#1933,.T.);
#1121=ORIENTED_EDGE('',*,*,#1934,.T.);
#1122=ORIENTED_EDGE('',*,*,#1935,.T.);
#1123=ORIENTED_EDGE('',*,*,#1934,.F.);
#1124=ORIENTED_EDGE('',*,*,#1936,.F.);
#1125=ORIENTED_EDGE('',*,*,#1937,.T.);
#1126=ORIENTED_EDGE('',*,*,#1938,.F.);
#1127=ORIENTED_EDGE('',*,*,#1937,.F.);
#1128=ORIENTED_EDGE('',*,*,#1939,.T.);
#1129=ORIENTED_EDGE('',*,*,#1940,.T.);
#1130=ORIENTED_EDGE('',*,*,#1941,.T.);
#1131=ORIENTED_EDGE('',*,*,#1940,.F.);
#1132=ORIENTED_EDGE('',*,*,#1942,.F.);
#1133=ORIENTED_EDGE('',*,*,#1943,.T.);
#1134=ORIENTED_EDGE('',*,*,#1944,.F.);
#1135=ORIENTED_EDGE('',*,*,#1943,.F.);
#1136=ORIENTED_EDGE('',*,*,#1945,.T.);
#1137=ORIENTED_EDGE('',*,*,#1946,.T.);
#1138=ORIENTED_EDGE('',*,*,#1947,.T.);
#1139=ORIENTED_EDGE('',*,*,#1946,.F.);
#1140=ORIENTED_EDGE('',*,*,#1948,.F.);
#1141=ORIENTED_EDGE('',*,*,#1949,.T.);
#1142=ORIENTED_EDGE('',*,*,#1950,.F.);
#1143=ORIENTED_EDGE('',*,*,#1949,.F.);
#1144=ORIENTED_EDGE('',*,*,#1951,.T.);
#1145=ORIENTED_EDGE('',*,*,#1952,.T.);
#1146=ORIENTED_EDGE('',*,*,#1953,.T.);
#1147=ORIENTED_EDGE('',*,*,#1952,.F.);
#1148=ORIENTED_EDGE('',*,*,#1954,.F.);
#1149=ORIENTED_EDGE('',*,*,#1955,.T.);
#1150=ORIENTED_EDGE('',*,*,#1956,.F.);
#1151=ORIENTED_EDGE('',*,*,#1955,.F.);
#1152=ORIENTED_EDGE('',*,*,#1957,.T.);
#1153=ORIENTED_EDGE('',*,*,#1958,.T.);
#1154=ORIENTED_EDGE('',*,*,#1959,.T.);
#1155=ORIENTED_EDGE('',*,*,#1958,.F.);
#1156=ORIENTED_EDGE('',*,*,#1960,.F.);
#1157=ORIENTED_EDGE('',*,*,#1961,.T.);
#1158=ORIENTED_EDGE('',*,*,#1962,.F.);
#1159=ORIENTED_EDGE('',*,*,#1961,.F.);
#1160=ORIENTED_EDGE('',*,*,#1963,.T.);
#1161=ORIENTED_EDGE('',*,*,#1964,.T.);
#1162=ORIENTED_EDGE('',*,*,#1965,.T.);
#1163=ORIENTED_EDGE('',*,*,#1964,.F.);
#1164=ORIENTED_EDGE('',*,*,#1966,.F.);
#1165=ORIENTED_EDGE('',*,*,#1967,.T.);
#1166=ORIENTED_EDGE('',*,*,#1968,.F.);
#1167=ORIENTED_EDGE('',*,*,#1967,.F.);
#1168=ORIENTED_EDGE('',*,*,#1969,.T.);
#1169=ORIENTED_EDGE('',*,*,#1970,.T.);
#1170=ORIENTED_EDGE('',*,*,#1971,.F.);
#1171=ORIENTED_EDGE('',*,*,#1970,.F.);
#1172=ORIENTED_EDGE('',*,*,#1972,.T.);
#1173=ORIENTED_EDGE('',*,*,#1973,.T.);
#1174=ORIENTED_EDGE('',*,*,#1974,.F.);
#1175=ORIENTED_EDGE('',*,*,#1973,.F.);
#1176=ORIENTED_EDGE('',*,*,#1975,.T.);
#1177=ORIENTED_EDGE('',*,*,#1976,.T.);
#1178=ORIENTED_EDGE('',*,*,#1977,.F.);
#1179=ORIENTED_EDGE('',*,*,#1976,.F.);
#1180=ORIENTED_EDGE('',*,*,#1978,.T.);
#1181=ORIENTED_EDGE('',*,*,#1979,.T.);
#1182=ORIENTED_EDGE('',*,*,#1980,.T.);
#1183=ORIENTED_EDGE('',*,*,#1981,.F.);
#1184=ORIENTED_EDGE('',*,*,#1982,.F.);
#1185=ORIENTED_EDGE('',*,*,#1983,.T.);
#1186=ORIENTED_EDGE('',*,*,#1984,.T.);
#1187=ORIENTED_EDGE('',*,*,#1983,.F.);
#1188=ORIENTED_EDGE('',*,*,#1985,.F.);
#1189=ORIENTED_EDGE('',*,*,#1986,.T.);
#1190=ORIENTED_EDGE('',*,*,#1987,.T.);
#1191=ORIENTED_EDGE('',*,*,#1986,.F.);
#1192=ORIENTED_EDGE('',*,*,#1988,.F.);
#1193=ORIENTED_EDGE('',*,*,#1989,.T.);
#1194=ORIENTED_EDGE('',*,*,#1990,.T.);
#1195=ORIENTED_EDGE('',*,*,#1989,.F.);
#1196=ORIENTED_EDGE('',*,*,#1991,.F.);
#1197=ORIENTED_EDGE('',*,*,#1992,.T.);
#1198=ORIENTED_EDGE('',*,*,#1993,.T.);
#1199=ORIENTED_EDGE('',*,*,#1992,.F.);
#1200=ORIENTED_EDGE('',*,*,#1994,.F.);
#1201=ORIENTED_EDGE('',*,*,#1995,.T.);
#1202=ORIENTED_EDGE('',*,*,#1996,.T.);
#1203=ORIENTED_EDGE('',*,*,#1995,.F.);
#1204=ORIENTED_EDGE('',*,*,#1997,.F.);
#1205=ORIENTED_EDGE('',*,*,#1998,.T.);
#1206=ORIENTED_EDGE('',*,*,#1999,.T.);
#1207=ORIENTED_EDGE('',*,*,#1998,.F.);
#1208=ORIENTED_EDGE('',*,*,#2000,.F.);
#1209=ORIENTED_EDGE('',*,*,#2001,.T.);
#1210=ORIENTED_EDGE('',*,*,#2002,.T.);
#1211=ORIENTED_EDGE('',*,*,#2003,.F.);
#1212=ORIENTED_EDGE('',*,*,#2004,.F.);
#1213=ORIENTED_EDGE('',*,*,#2005,.T.);
#1214=ORIENTED_EDGE('',*,*,#2006,.T.);
#1215=ORIENTED_EDGE('',*,*,#2005,.F.);
#1216=ORIENTED_EDGE('',*,*,#2007,.F.);
#1217=ORIENTED_EDGE('',*,*,#2008,.T.);
#1218=ORIENTED_EDGE('',*,*,#2009,.T.);
#1219=ORIENTED_EDGE('',*,*,#2008,.F.);
#1220=ORIENTED_EDGE('',*,*,#2010,.F.);
#1221=ORIENTED_EDGE('',*,*,#2011,.T.);
#1222=ORIENTED_EDGE('',*,*,#2012,.T.);
#1223=ORIENTED_EDGE('',*,*,#2011,.F.);
#1224=ORIENTED_EDGE('',*,*,#2013,.F.);
#1225=ORIENTED_EDGE('',*,*,#2014,.T.);
#1226=ORIENTED_EDGE('',*,*,#2015,.T.);
#1227=ORIENTED_EDGE('',*,*,#2014,.F.);
#1228=ORIENTED_EDGE('',*,*,#2016,.F.);
#1229=ORIENTED_EDGE('',*,*,#2017,.T.);
#1230=ORIENTED_EDGE('',*,*,#2018,.T.);
#1231=ORIENTED_EDGE('',*,*,#2017,.F.);
#1232=ORIENTED_EDGE('',*,*,#2019,.F.);
#1233=ORIENTED_EDGE('',*,*,#2020,.T.);
#1234=ORIENTED_EDGE('',*,*,#2021,.T.);
#1235=ORIENTED_EDGE('',*,*,#2020,.F.);
#1236=ORIENTED_EDGE('',*,*,#2022,.F.);
#1237=ORIENTED_EDGE('',*,*,#2023,.T.);
#1238=ORIENTED_EDGE('',*,*,#2024,.T.);
#1239=ORIENTED_EDGE('',*,*,#2025,.F.);
#1240=ORIENTED_EDGE('',*,*,#2026,.F.);
#1241=ORIENTED_EDGE('',*,*,#2027,.T.);
#1242=ORIENTED_EDGE('',*,*,#2028,.T.);
#1243=ORIENTED_EDGE('',*,*,#2027,.F.);
#1244=ORIENTED_EDGE('',*,*,#2029,.F.);
#1245=ORIENTED_EDGE('',*,*,#2030,.T.);
#1246=ORIENTED_EDGE('',*,*,#2031,.T.);
#1247=ORIENTED_EDGE('',*,*,#2030,.F.);
#1248=ORIENTED_EDGE('',*,*,#2032,.F.);
#1249=ORIENTED_EDGE('',*,*,#2033,.T.);
#1250=ORIENTED_EDGE('',*,*,#2034,.T.);
#1251=ORIENTED_EDGE('',*,*,#2033,.F.);
#1252=ORIENTED_EDGE('',*,*,#2035,.F.);
#1253=ORIENTED_EDGE('',*,*,#2036,.T.);
#1254=ORIENTED_EDGE('',*,*,#2037,.T.);
#1255=ORIENTED_EDGE('',*,*,#2036,.F.);
#1256=ORIENTED_EDGE('',*,*,#2038,.F.);
#1257=ORIENTED_EDGE('',*,*,#2039,.T.);
#1258=ORIENTED_EDGE('',*,*,#2040,.T.);
#1259=ORIENTED_EDGE('',*,*,#2039,.F.);
#1260=ORIENTED_EDGE('',*,*,#2041,.F.);
#1261=ORIENTED_EDGE('',*,*,#2042,.T.);
#1262=ORIENTED_EDGE('',*,*,#2043,.T.);
#1263=ORIENTED_EDGE('',*,*,#2042,.F.);
#1264=ORIENTED_EDGE('',*,*,#2044,.F.);
#1265=ORIENTED_EDGE('',*,*,#2045,.T.);
#1266=ORIENTED_EDGE('',*,*,#2046,.T.);
#1267=ORIENTED_EDGE('',*,*,#2047,.F.);
#1268=ORIENTED_EDGE('',*,*,#2048,.F.);
#1269=ORIENTED_EDGE('',*,*,#2049,.T.);
#1270=ORIENTED_EDGE('',*,*,#2050,.T.);
#1271=ORIENTED_EDGE('',*,*,#2049,.F.);
#1272=ORIENTED_EDGE('',*,*,#2051,.F.);
#1273=ORIENTED_EDGE('',*,*,#2052,.T.);
#1274=ORIENTED_EDGE('',*,*,#2053,.T.);
#1275=ORIENTED_EDGE('',*,*,#2052,.F.);
#1276=ORIENTED_EDGE('',*,*,#2054,.F.);
#1277=ORIENTED_EDGE('',*,*,#2055,.T.);
#1278=ORIENTED_EDGE('',*,*,#2056,.T.);
#1279=ORIENTED_EDGE('',*,*,#2055,.F.);
#1280=ORIENTED_EDGE('',*,*,#2057,.F.);
#1281=ORIENTED_EDGE('',*,*,#2058,.T.);
#1282=ORIENTED_EDGE('',*,*,#2059,.T.);
#1283=ORIENTED_EDGE('',*,*,#2058,.F.);
#1284=ORIENTED_EDGE('',*,*,#2060,.F.);
#1285=ORIENTED_EDGE('',*,*,#2061,.T.);
#1286=ORIENTED_EDGE('',*,*,#2062,.T.);
#1287=ORIENTED_EDGE('',*,*,#2061,.F.);
#1288=ORIENTED_EDGE('',*,*,#2063,.F.);
#1289=ORIENTED_EDGE('',*,*,#2064,.T.);
#1290=ORIENTED_EDGE('',*,*,#2065,.T.);
#1291=ORIENTED_EDGE('',*,*,#2064,.F.);
#1292=ORIENTED_EDGE('',*,*,#2066,.F.);
#1293=ORIENTED_EDGE('',*,*,#2067,.T.);
#1294=ORIENTED_EDGE('',*,*,#2068,.T.);
#1295=ORIENTED_EDGE('',*,*,#2001,.F.);
#1296=ORIENTED_EDGE('',*,*,#2069,.F.);
#1297=ORIENTED_EDGE('',*,*,#1981,.T.);
#1298=ORIENTED_EDGE('',*,*,#2070,.T.);
#1299=ORIENTED_EDGE('',*,*,#2023,.F.);
#1300=ORIENTED_EDGE('',*,*,#2071,.F.);
#1301=ORIENTED_EDGE('',*,*,#2003,.T.);
#1302=ORIENTED_EDGE('',*,*,#2072,.F.);
#1303=ORIENTED_EDGE('',*,*,#2073,.T.);
#1304=ORIENTED_EDGE('',*,*,#2074,.T.);
#1305=ORIENTED_EDGE('',*,*,#2045,.F.);
#1306=ORIENTED_EDGE('',*,*,#2075,.F.);
#1307=ORIENTED_EDGE('',*,*,#2025,.T.);
#1308=ORIENTED_EDGE('',*,*,#2076,.T.);
#1309=ORIENTED_EDGE('',*,*,#2067,.F.);
#1310=ORIENTED_EDGE('',*,*,#2077,.F.);
#1311=ORIENTED_EDGE('',*,*,#2047,.T.);
#1312=ORIENTED_EDGE('',*,*,#2078,.F.);
#1313=ORIENTED_EDGE('',*,*,#1979,.F.);
#1314=ORIENTED_EDGE('',*,*,#2079,.T.);
#1315=ORIENTED_EDGE('',*,*,#1623,.T.);
#1316=ORIENTED_EDGE('',*,*,#2048,.T.);
#1317=ORIENTED_EDGE('',*,*,#2077,.T.);
#1318=ORIENTED_EDGE('',*,*,#2066,.T.);
#1319=ORIENTED_EDGE('',*,*,#2063,.T.);
#1320=ORIENTED_EDGE('',*,*,#2060,.T.);
#1321=ORIENTED_EDGE('',*,*,#2057,.T.);
#1322=ORIENTED_EDGE('',*,*,#2054,.T.);
#1323=ORIENTED_EDGE('',*,*,#2051,.T.);
#1324=ORIENTED_EDGE('',*,*,#2026,.T.);
#1325=ORIENTED_EDGE('',*,*,#2075,.T.);
#1326=ORIENTED_EDGE('',*,*,#2044,.T.);
#1327=ORIENTED_EDGE('',*,*,#2041,.T.);
#1328=ORIENTED_EDGE('',*,*,#2038,.T.);
#1329=ORIENTED_EDGE('',*,*,#2035,.T.);
#1330=ORIENTED_EDGE('',*,*,#2032,.T.);
#1331=ORIENTED_EDGE('',*,*,#2029,.T.);
#1332=ORIENTED_EDGE('',*,*,#2072,.T.);
#1333=ORIENTED_EDGE('',*,*,#2004,.T.);
#1334=ORIENTED_EDGE('',*,*,#2071,.T.);
#1335=ORIENTED_EDGE('',*,*,#2022,.T.);
#1336=ORIENTED_EDGE('',*,*,#2019,.T.);
#1337=ORIENTED_EDGE('',*,*,#2016,.T.);
#1338=ORIENTED_EDGE('',*,*,#2013,.T.);
#1339=ORIENTED_EDGE('',*,*,#2010,.T.);
#1340=ORIENTED_EDGE('',*,*,#2007,.T.);
#1341=ORIENTED_EDGE('',*,*,#1982,.T.);
#1342=ORIENTED_EDGE('',*,*,#2069,.T.);
#1343=ORIENTED_EDGE('',*,*,#2000,.T.);
#1344=ORIENTED_EDGE('',*,*,#1997,.T.);
#1345=ORIENTED_EDGE('',*,*,#1994,.T.);
#1346=ORIENTED_EDGE('',*,*,#1991,.T.);
#1347=ORIENTED_EDGE('',*,*,#1988,.T.);
#1348=ORIENTED_EDGE('',*,*,#1985,.T.);
#1349=ORIENTED_EDGE('',*,*,#1624,.F.);
#1350=ORIENTED_EDGE('',*,*,#2079,.F.);
#1351=ORIENTED_EDGE('',*,*,#1978,.F.);
#1352=ORIENTED_EDGE('',*,*,#1975,.F.);
#1353=ORIENTED_EDGE('',*,*,#1972,.F.);
#1354=ORIENTED_EDGE('',*,*,#1969,.F.);
#1355=ORIENTED_EDGE('',*,*,#1966,.T.);
#1356=ORIENTED_EDGE('',*,*,#1963,.F.);
#1357=ORIENTED_EDGE('',*,*,#1960,.T.);
#1358=ORIENTED_EDGE('',*,*,#1957,.F.);
#1359=ORIENTED_EDGE('',*,*,#1954,.T.);
#1360=ORIENTED_EDGE('',*,*,#1951,.F.);
#1361=ORIENTED_EDGE('',*,*,#1948,.T.);
#1362=ORIENTED_EDGE('',*,*,#1945,.F.);
#1363=ORIENTED_EDGE('',*,*,#1942,.T.);
#1364=ORIENTED_EDGE('',*,*,#1939,.F.);
#1365=ORIENTED_EDGE('',*,*,#1936,.T.);
#1366=ORIENTED_EDGE('',*,*,#1933,.F.);
#1367=ORIENTED_EDGE('',*,*,#1930,.T.);
#1368=ORIENTED_EDGE('',*,*,#1927,.F.);
#1369=ORIENTED_EDGE('',*,*,#1924,.T.);
#1370=ORIENTED_EDGE('',*,*,#1921,.F.);
#1371=ORIENTED_EDGE('',*,*,#1918,.F.);
#1372=ORIENTED_EDGE('',*,*,#1915,.F.);
#1373=ORIENTED_EDGE('',*,*,#1912,.F.);
#1374=ORIENTED_EDGE('',*,*,#1909,.F.);
#1375=ORIENTED_EDGE('',*,*,#1906,.F.);
#1376=ORIENTED_EDGE('',*,*,#1903,.F.);
#1377=ORIENTED_EDGE('',*,*,#1900,.F.);
#1378=ORIENTED_EDGE('',*,*,#1897,.F.);
#1379=ORIENTED_EDGE('',*,*,#1894,.F.);
#1380=ORIENTED_EDGE('',*,*,#1891,.F.);
#1381=ORIENTED_EDGE('',*,*,#1888,.F.);
#1382=ORIENTED_EDGE('',*,*,#1885,.F.);
#1383=ORIENTED_EDGE('',*,*,#1882,.F.);
#1384=ORIENTED_EDGE('',*,*,#1879,.F.);
#1385=ORIENTED_EDGE('',*,*,#1876,.T.);
#1386=ORIENTED_EDGE('',*,*,#1873,.F.);
#1387=ORIENTED_EDGE('',*,*,#1870,.T.);
#1388=ORIENTED_EDGE('',*,*,#1867,.F.);
#1389=ORIENTED_EDGE('',*,*,#1864,.T.);
#1390=ORIENTED_EDGE('',*,*,#1861,.F.);
#1391=ORIENTED_EDGE('',*,*,#1858,.T.);
#1392=ORIENTED_EDGE('',*,*,#1855,.F.);
#1393=ORIENTED_EDGE('',*,*,#1852,.T.);
#1394=ORIENTED_EDGE('',*,*,#1849,.F.);
#1395=ORIENTED_EDGE('',*,*,#1846,.T.);
#1396=ORIENTED_EDGE('',*,*,#1843,.F.);
#1397=ORIENTED_EDGE('',*,*,#1840,.T.);
#1398=ORIENTED_EDGE('',*,*,#1837,.F.);
#1399=ORIENTED_EDGE('',*,*,#1834,.T.);
#1400=ORIENTED_EDGE('',*,*,#1831,.F.);
#1401=ORIENTED_EDGE('',*,*,#1828,.F.);
#1402=ORIENTED_EDGE('',*,*,#1825,.F.);
#1403=ORIENTED_EDGE('',*,*,#1822,.F.);
#1404=ORIENTED_EDGE('',*,*,#1819,.F.);
#1405=ORIENTED_EDGE('',*,*,#1816,.F.);
#1406=ORIENTED_EDGE('',*,*,#1813,.F.);
#1407=ORIENTED_EDGE('',*,*,#1810,.F.);
#1408=ORIENTED_EDGE('',*,*,#1807,.F.);
#1409=ORIENTED_EDGE('',*,*,#1804,.F.);
#1410=ORIENTED_EDGE('',*,*,#1801,.F.);
#1411=ORIENTED_EDGE('',*,*,#1798,.F.);
#1412=ORIENTED_EDGE('',*,*,#1795,.F.);
#1413=ORIENTED_EDGE('',*,*,#1792,.F.);
#1414=ORIENTED_EDGE('',*,*,#1789,.F.);
#1415=ORIENTED_EDGE('',*,*,#1786,.T.);
#1416=ORIENTED_EDGE('',*,*,#1783,.F.);
#1417=ORIENTED_EDGE('',*,*,#1780,.T.);
#1418=ORIENTED_EDGE('',*,*,#1777,.F.);
#1419=ORIENTED_EDGE('',*,*,#1774,.T.);
#1420=ORIENTED_EDGE('',*,*,#1771,.F.);
#1421=ORIENTED_EDGE('',*,*,#1768,.T.);
#1422=ORIENTED_EDGE('',*,*,#1765,.F.);
#1423=ORIENTED_EDGE('',*,*,#1762,.T.);
#1424=ORIENTED_EDGE('',*,*,#1759,.F.);
#1425=ORIENTED_EDGE('',*,*,#1756,.T.);
#1426=ORIENTED_EDGE('',*,*,#1753,.F.);
#1427=ORIENTED_EDGE('',*,*,#1750,.T.);
#1428=ORIENTED_EDGE('',*,*,#1747,.F.);
#1429=ORIENTED_EDGE('',*,*,#1744,.T.);
#1430=ORIENTED_EDGE('',*,*,#1741,.F.);
#1431=ORIENTED_EDGE('',*,*,#1738,.F.);
#1432=ORIENTED_EDGE('',*,*,#1735,.F.);
#1433=ORIENTED_EDGE('',*,*,#1732,.F.);
#1434=ORIENTED_EDGE('',*,*,#1729,.F.);
#1435=ORIENTED_EDGE('',*,*,#1726,.F.);
#1436=ORIENTED_EDGE('',*,*,#1723,.F.);
#1437=ORIENTED_EDGE('',*,*,#1720,.F.);
#1438=ORIENTED_EDGE('',*,*,#1717,.F.);
#1439=ORIENTED_EDGE('',*,*,#1714,.F.);
#1440=ORIENTED_EDGE('',*,*,#1711,.F.);
#1441=ORIENTED_EDGE('',*,*,#1708,.F.);
#1442=ORIENTED_EDGE('',*,*,#1705,.F.);
#1443=ORIENTED_EDGE('',*,*,#1702,.F.);
#1444=ORIENTED_EDGE('',*,*,#1699,.F.);
#1445=ORIENTED_EDGE('',*,*,#1696,.T.);
#1446=ORIENTED_EDGE('',*,*,#1693,.F.);
#1447=ORIENTED_EDGE('',*,*,#1690,.T.);
#1448=ORIENTED_EDGE('',*,*,#1687,.F.);
#1449=ORIENTED_EDGE('',*,*,#1684,.T.);
#1450=ORIENTED_EDGE('',*,*,#1681,.F.);
#1451=ORIENTED_EDGE('',*,*,#1678,.T.);
#1452=ORIENTED_EDGE('',*,*,#1675,.F.);
#1453=ORIENTED_EDGE('',*,*,#1672,.T.);
#1454=ORIENTED_EDGE('',*,*,#1669,.F.);
#1455=ORIENTED_EDGE('',*,*,#1666,.T.);
#1456=ORIENTED_EDGE('',*,*,#1663,.F.);
#1457=ORIENTED_EDGE('',*,*,#1660,.T.);
#1458=ORIENTED_EDGE('',*,*,#1657,.F.);
#1459=ORIENTED_EDGE('',*,*,#1654,.T.);
#1460=ORIENTED_EDGE('',*,*,#1651,.F.);
#1461=ORIENTED_EDGE('',*,*,#1648,.F.);
#1462=ORIENTED_EDGE('',*,*,#1645,.F.);
#1463=ORIENTED_EDGE('',*,*,#1642,.F.);
#1464=ORIENTED_EDGE('',*,*,#1639,.F.);
#1465=ORIENTED_EDGE('',*,*,#1636,.F.);
#1466=ORIENTED_EDGE('',*,*,#1633,.F.);
#1467=ORIENTED_EDGE('',*,*,#1630,.F.);
#1468=ORIENTED_EDGE('',*,*,#1627,.F.);
#1469=ORIENTED_EDGE('',*,*,#2046,.F.);
#1470=ORIENTED_EDGE('',*,*,#2050,.F.);
#1471=ORIENTED_EDGE('',*,*,#2053,.F.);
#1472=ORIENTED_EDGE('',*,*,#2056,.F.);
#1473=ORIENTED_EDGE('',*,*,#2059,.F.);
#1474=ORIENTED_EDGE('',*,*,#2062,.F.);
#1475=ORIENTED_EDGE('',*,*,#2065,.F.);
#1476=ORIENTED_EDGE('',*,*,#2076,.F.);
#1477=ORIENTED_EDGE('',*,*,#2024,.F.);
#1478=ORIENTED_EDGE('',*,*,#2028,.F.);
#1479=ORIENTED_EDGE('',*,*,#2031,.F.);
#1480=ORIENTED_EDGE('',*,*,#2034,.F.);
#1481=ORIENTED_EDGE('',*,*,#2037,.F.);
#1482=ORIENTED_EDGE('',*,*,#2040,.F.);
#1483=ORIENTED_EDGE('',*,*,#2043,.F.);
#1484=ORIENTED_EDGE('',*,*,#2074,.F.);
#1485=ORIENTED_EDGE('',*,*,#2073,.F.);
#1486=ORIENTED_EDGE('',*,*,#2002,.F.);
#1487=ORIENTED_EDGE('',*,*,#2006,.F.);
#1488=ORIENTED_EDGE('',*,*,#2009,.F.);
#1489=ORIENTED_EDGE('',*,*,#2012,.F.);
#1490=ORIENTED_EDGE('',*,*,#2015,.F.);
#1491=ORIENTED_EDGE('',*,*,#2018,.F.);
#1492=ORIENTED_EDGE('',*,*,#2021,.F.);
#1493=ORIENTED_EDGE('',*,*,#2070,.F.);
#1494=ORIENTED_EDGE('',*,*,#1980,.F.);
#1495=ORIENTED_EDGE('',*,*,#1984,.F.);
#1496=ORIENTED_EDGE('',*,*,#1987,.F.);
#1497=ORIENTED_EDGE('',*,*,#1990,.F.);
#1498=ORIENTED_EDGE('',*,*,#1993,.F.);
#1499=ORIENTED_EDGE('',*,*,#1996,.F.);
#1500=ORIENTED_EDGE('',*,*,#1999,.F.);
#1501=ORIENTED_EDGE('',*,*,#2068,.F.);
#1502=ORIENTED_EDGE('',*,*,#1622,.T.);
#1503=ORIENTED_EDGE('',*,*,#1626,.T.);
#1504=ORIENTED_EDGE('',*,*,#1629,.T.);
#1505=ORIENTED_EDGE('',*,*,#1632,.T.);
#1506=ORIENTED_EDGE('',*,*,#1635,.T.);
#1507=ORIENTED_EDGE('',*,*,#1638,.T.);
#1508=ORIENTED_EDGE('',*,*,#1641,.T.);
#1509=ORIENTED_EDGE('',*,*,#1644,.T.);
#1510=ORIENTED_EDGE('',*,*,#1647,.T.);
#1511=ORIENTED_EDGE('',*,*,#1650,.T.);
#1512=ORIENTED_EDGE('',*,*,#1653,.F.);
#1513=ORIENTED_EDGE('',*,*,#1656,.T.);
#1514=ORIENTED_EDGE('',*,*,#1659,.F.);
#1515=ORIENTED_EDGE('',*,*,#1662,.T.);
#1516=ORIENTED_EDGE('',*,*,#1665,.F.);
#1517=ORIENTED_EDGE('',*,*,#1668,.T.);
#1518=ORIENTED_EDGE('',*,*,#1671,.F.);
#1519=ORIENTED_EDGE('',*,*,#1674,.T.);
#1520=ORIENTED_EDGE('',*,*,#1677,.F.);
#1521=ORIENTED_EDGE('',*,*,#1680,.T.);
#1522=ORIENTED_EDGE('',*,*,#1683,.F.);
#1523=ORIENTED_EDGE('',*,*,#1686,.T.);
#1524=ORIENTED_EDGE('',*,*,#1689,.F.);
#1525=ORIENTED_EDGE('',*,*,#1692,.T.);
#1526=ORIENTED_EDGE('',*,*,#1695,.F.);
#1527=ORIENTED_EDGE('',*,*,#1698,.T.);
#1528=ORIENTED_EDGE('',*,*,#1701,.T.);
#1529=ORIENTED_EDGE('',*,*,#1704,.T.);
#1530=ORIENTED_EDGE('',*,*,#1707,.T.);
#1531=ORIENTED_EDGE('',*,*,#1710,.T.);
#1532=ORIENTED_EDGE('',*,*,#1713,.T.);
#1533=ORIENTED_EDGE('',*,*,#1716,.T.);
#1534=ORIENTED_EDGE('',*,*,#1719,.T.);
#1535=ORIENTED_EDGE('',*,*,#1722,.T.);
#1536=ORIENTED_EDGE('',*,*,#1725,.T.);
#1537=ORIENTED_EDGE('',*,*,#1728,.T.);
#1538=ORIENTED_EDGE('',*,*,#1731,.T.);
#1539=ORIENTED_EDGE('',*,*,#1734,.T.);
#1540=ORIENTED_EDGE('',*,*,#1737,.T.);
#1541=ORIENTED_EDGE('',*,*,#1740,.T.);
#1542=ORIENTED_EDGE('',*,*,#1743,.F.);
#1543=ORIENTED_EDGE('',*,*,#1746,.T.);
#1544=ORIENTED_EDGE('',*,*,#1749,.F.);
#1545=ORIENTED_EDGE('',*,*,#1752,.T.);
#1546=ORIENTED_EDGE('',*,*,#1755,.F.);
#1547=ORIENTED_EDGE('',*,*,#1758,.T.);
#1548=ORIENTED_EDGE('',*,*,#1761,.F.);
#1549=ORIENTED_EDGE('',*,*,#1764,.T.);
#1550=ORIENTED_EDGE('',*,*,#1767,.F.);
#1551=ORIENTED_EDGE('',*,*,#1770,.T.);
#1552=ORIENTED_EDGE('',*,*,#1773,.F.);
#1553=ORIENTED_EDGE('',*,*,#1776,.T.);
#1554=ORIENTED_EDGE('',*,*,#1779,.F.);
#1555=ORIENTED_EDGE('',*,*,#1782,.T.);
#1556=ORIENTED_EDGE('',*,*,#1785,.F.);
#1557=ORIENTED_EDGE('',*,*,#1788,.T.);
#1558=ORIENTED_EDGE('',*,*,#1791,.T.);
#1559=ORIENTED_EDGE('',*,*,#1794,.T.);
#1560=ORIENTED_EDGE('',*,*,#1797,.T.);
#1561=ORIENTED_EDGE('',*,*,#1800,.T.);
#1562=ORIENTED_EDGE('',*,*,#1803,.T.);
#1563=ORIENTED_EDGE('',*,*,#1806,.T.);
#1564=ORIENTED_EDGE('',*,*,#1809,.T.);
#1565=ORIENTED_EDGE('',*,*,#1812,.T.);
#1566=ORIENTED_EDGE('',*,*,#1815,.T.);
#1567=ORIENTED_EDGE('',*,*,#1818,.T.);
#1568=ORIENTED_EDGE('',*,*,#1821,.T.);
#1569=ORIENTED_EDGE('',*,*,#1824,.T.);
#1570=ORIENTED_EDGE('',*,*,#1827,.T.);
#1571=ORIENTED_EDGE('',*,*,#1830,.T.);
#1572=ORIENTED_EDGE('',*,*,#1833,.F.);
#1573=ORIENTED_EDGE('',*,*,#1836,.T.);
#1574=ORIENTED_EDGE('',*,*,#1839,.F.);
#1575=ORIENTED_EDGE('',*,*,#1842,.T.);
#1576=ORIENTED_EDGE('',*,*,#1845,.F.);
#1577=ORIENTED_EDGE('',*,*,#1848,.T.);
#1578=ORIENTED_EDGE('',*,*,#1851,.F.);
#1579=ORIENTED_EDGE('',*,*,#1854,.T.);
#1580=ORIENTED_EDGE('',*,*,#1857,.F.);
#1581=ORIENTED_EDGE('',*,*,#1860,.T.);
#1582=ORIENTED_EDGE('',*,*,#1863,.F.);
#1583=ORIENTED_EDGE('',*,*,#1866,.T.);
#1584=ORIENTED_EDGE('',*,*,#1869,.F.);
#1585=ORIENTED_EDGE('',*,*,#1872,.T.);
#1586=ORIENTED_EDGE('',*,*,#1875,.F.);
#1587=ORIENTED_EDGE('',*,*,#1878,.T.);
#1588=ORIENTED_EDGE('',*,*,#1881,.T.);
#1589=ORIENTED_EDGE('',*,*,#1884,.T.);
#1590=ORIENTED_EDGE('',*,*,#1887,.T.);
#1591=ORIENTED_EDGE('',*,*,#1890,.T.);
#1592=ORIENTED_EDGE('',*,*,#1893,.T.);
#1593=ORIENTED_EDGE('',*,*,#1896,.T.);
#1594=ORIENTED_EDGE('',*,*,#1899,.T.);
#1595=ORIENTED_EDGE('',*,*,#1902,.T.);
#1596=ORIENTED_EDGE('',*,*,#1905,.T.);
#1597=ORIENTED_EDGE('',*,*,#1908,.T.);
#1598=ORIENTED_EDGE('',*,*,#1911,.T.);
#1599=ORIENTED_EDGE('',*,*,#1914,.T.);
#1600=ORIENTED_EDGE('',*,*,#1917,.T.);
#1601=ORIENTED_EDGE('',*,*,#1920,.T.);
#1602=ORIENTED_EDGE('',*,*,#1923,.F.);
#1603=ORIENTED_EDGE('',*,*,#1926,.T.);
#1604=ORIENTED_EDGE('',*,*,#1929,.F.);
#1605=ORIENTED_EDGE('',*,*,#1932,.T.);
#1606=ORIENTED_EDGE('',*,*,#1935,.F.);
#1607=ORIENTED_EDGE('',*,*,#1938,.T.);
#1608=ORIENTED_EDGE('',*,*,#1941,.F.);
#1609=ORIENTED_EDGE('',*,*,#1944,.T.);
#1610=ORIENTED_EDGE('',*,*,#1947,.F.);
#1611=ORIENTED_EDGE('',*,*,#1950,.T.);
#1612=ORIENTED_EDGE('',*,*,#1953,.F.);
#1613=ORIENTED_EDGE('',*,*,#1956,.T.);
#1614=ORIENTED_EDGE('',*,*,#1959,.F.);
#1615=ORIENTED_EDGE('',*,*,#1962,.T.);
#1616=ORIENTED_EDGE('',*,*,#1965,.F.);
#1617=ORIENTED_EDGE('',*,*,#1968,.T.);
#1618=ORIENTED_EDGE('',*,*,#1971,.T.);
#1619=ORIENTED_EDGE('',*,*,#1974,.T.);
#1620=ORIENTED_EDGE('',*,*,#1977,.T.);
#1621=ORIENTED_EDGE('',*,*,#2078,.T.);
#1622=EDGE_CURVE('',#2080,#2081,#2386,.T.);
#1623=EDGE_CURVE('',#2082,#2080,#98,.T.);
#1624=EDGE_CURVE('',#2082,#2083,#2387,.T.);
#1625=EDGE_CURVE('',#2083,#2081,#99,.T.);
#1626=EDGE_CURVE('',#2081,#2084,#100,.T.);
#1627=EDGE_CURVE('',#2083,#2085,#101,.T.);
#1628=EDGE_CURVE('',#2085,#2084,#102,.T.);
#1629=EDGE_CURVE('',#2084,#2086,#2388,.T.);
#1630=EDGE_CURVE('',#2085,#2087,#2389,.T.);
#1631=EDGE_CURVE('',#2087,#2086,#103,.T.);
#1632=EDGE_CURVE('',#2086,#2088,#104,.T.);
#1633=EDGE_CURVE('',#2087,#2089,#105,.T.);
#1634=EDGE_CURVE('',#2089,#2088,#106,.T.);
#1635=EDGE_CURVE('',#2088,#2090,#2390,.T.);
#1636=EDGE_CURVE('',#2089,#2091,#2391,.T.);
#1637=EDGE_CURVE('',#2091,#2090,#107,.T.);
#1638=EDGE_CURVE('',#2090,#2092,#108,.T.);
#1639=EDGE_CURVE('',#2091,#2093,#109,.T.);
#1640=EDGE_CURVE('',#2093,#2092,#110,.T.);
#1641=EDGE_CURVE('',#2092,#2094,#2392,.T.);
#1642=EDGE_CURVE('',#2093,#2095,#2393,.T.);
#1643=EDGE_CURVE('',#2095,#2094,#111,.T.);
#1644=EDGE_CURVE('',#2094,#2096,#112,.T.);
#1645=EDGE_CURVE('',#2095,#2097,#113,.T.);
#1646=EDGE_CURVE('',#2097,#2096,#114,.T.);
#1647=EDGE_CURVE('',#2096,#2098,#2394,.T.);
#1648=EDGE_CURVE('',#2097,#2099,#2395,.T.);
#1649=EDGE_CURVE('',#2099,#2098,#115,.T.);
#1650=EDGE_CURVE('',#2098,#2100,#116,.T.);
#1651=EDGE_CURVE('',#2099,#2101,#117,.T.);
#1652=EDGE_CURVE('',#2101,#2100,#118,.T.);
#1653=EDGE_CURVE('',#2102,#2100,#2396,.T.);
#1654=EDGE_CURVE('',#2103,#2101,#2397,.T.);
#1655=EDGE_CURVE('',#2103,#2102,#119,.T.);
#1656=EDGE_CURVE('',#2102,#2104,#120,.T.);
#1657=EDGE_CURVE('',#2103,#2105,#121,.T.);
#1658=EDGE_CURVE('',#2105,#2104,#122,.T.);
#1659=EDGE_CURVE('',#2106,#2104,#2398,.T.);
#1660=EDGE_CURVE('',#2107,#2105,#2399,.T.);
#1661=EDGE_CURVE('',#2107,#2106,#123,.T.);
#1662=EDGE_CURVE('',#2106,#2108,#124,.T.);
#1663=EDGE_CURVE('',#2107,#2109,#125,.T.);
#1664=EDGE_CURVE('',#2109,#2108,#126,.T.);
#1665=EDGE_CURVE('',#2110,#2108,#2400,.T.);
#1666=EDGE_CURVE('',#2111,#2109,#2401,.T.);
#1667=EDGE_CURVE('',#2111,#2110,#127,.T.);
#1668=EDGE_CURVE('',#2110,#2112,#128,.T.);
#1669=EDGE_CURVE('',#2111,#2113,#129,.T.);
#1670=EDGE_CURVE('',#2113,#2112,#130,.T.);
#1671=EDGE_CURVE('',#2114,#2112,#2402,.T.);
#1672=EDGE_CURVE('',#2115,#2113,#2403,.T.);
#1673=EDGE_CURVE('',#2115,#2114,#131,.T.);
#1674=EDGE_CURVE('',#2114,#2116,#132,.T.);
#1675=EDGE_CURVE('',#2115,#2117,#133,.T.);
#1676=EDGE_CURVE('',#2117,#2116,#134,.T.);
#1677=EDGE_CURVE('',#2118,#2116,#2404,.T.);
#1678=EDGE_CURVE('',#2119,#2117,#2405,.T.);
#1679=EDGE_CURVE('',#2119,#2118,#135,.T.);
#1680=EDGE_CURVE('',#2118,#2120,#136,.T.);
#1681=EDGE_CURVE('',#2119,#2121,#137,.T.);
#1682=EDGE_CURVE('',#2121,#2120,#138,.T.);
#1683=EDGE_CURVE('',#2122,#2120,#2406,.T.);
#1684=EDGE_CURVE('',#2123,#2121,#2407,.T.);
#1685=EDGE_CURVE('',#2123,#2122,#139,.T.);
#1686=EDGE_CURVE('',#2122,#2124,#140,.T.);
#1687=EDGE_CURVE('',#2123,#2125,#141,.T.);
#1688=EDGE_CURVE('',#2125,#2124,#142,.T.);
#1689=EDGE_CURVE('',#2126,#2124,#2408,.T.);
#1690=EDGE_CURVE('',#2127,#2125,#2409,.T.);
#1691=EDGE_CURVE('',#2127,#2126,#143,.T.);
#1692=EDGE_CURVE('',#2126,#2128,#144,.T.);
#1693=EDGE_CURVE('',#2127,#2129,#145,.T.);
#1694=EDGE_CURVE('',#2129,#2128,#146,.T.);
#1695=EDGE_CURVE('',#2130,#2128,#2410,.T.);
#1696=EDGE_CURVE('',#2131,#2129,#2411,.T.);
#1697=EDGE_CURVE('',#2131,#2130,#147,.T.);
#1698=EDGE_CURVE('',#2130,#2132,#148,.T.);
#1699=EDGE_CURVE('',#2131,#2133,#149,.T.);
#1700=EDGE_CURVE('',#2133,#2132,#150,.T.);
#1701=EDGE_CURVE('',#2132,#2134,#2412,.T.);
#1702=EDGE_CURVE('',#2133,#2135,#2413,.T.);
#1703=EDGE_CURVE('',#2135,#2134,#151,.T.);
#1704=EDGE_CURVE('',#2134,#2136,#152,.T.);
#1705=EDGE_CURVE('',#2135,#2137,#153,.T.);
#1706=EDGE_CURVE('',#2137,#2136,#154,.T.);
#1707=EDGE_CURVE('',#2136,#2138,#2414,.T.);
#1708=EDGE_CURVE('',#2137,#2139,#2415,.T.);
#1709=EDGE_CURVE('',#2139,#2138,#155,.T.);
#1710=EDGE_CURVE('',#2138,#2140,#156,.T.);
#1711=EDGE_CURVE('',#2139,#2141,#157,.T.);
#1712=EDGE_CURVE('',#2141,#2140,#158,.T.);
#1713=EDGE_CURVE('',#2140,#2142,#2416,.T.);
#1714=EDGE_CURVE('',#2141,#2143,#2417,.T.);
#1715=EDGE_CURVE('',#2143,#2142,#159,.T.);
#1716=EDGE_CURVE('',#2142,#2144,#160,.T.);
#1717=EDGE_CURVE('',#2143,#2145,#161,.T.);
#1718=EDGE_CURVE('',#2145,#2144,#162,.T.);
#1719=EDGE_CURVE('',#2144,#2146,#2418,.T.);
#1720=EDGE_CURVE('',#2145,#2147,#2419,.T.);
#1721=EDGE_CURVE('',#2147,#2146,#163,.T.);
#1722=EDGE_CURVE('',#2146,#2148,#164,.T.);
#1723=EDGE_CURVE('',#2147,#2149,#165,.T.);
#1724=EDGE_CURVE('',#2149,#2148,#166,.T.);
#1725=EDGE_CURVE('',#2148,#2150,#2420,.T.);
#1726=EDGE_CURVE('',#2149,#2151,#2421,.T.);
#1727=EDGE_CURVE('',#2151,#2150,#167,.T.);
#1728=EDGE_CURVE('',#2150,#2152,#168,.T.);
#1729=EDGE_CURVE('',#2151,#2153,#169,.T.);
#1730=EDGE_CURVE('',#2153,#2152,#170,.T.);
#1731=EDGE_CURVE('',#2152,#2154,#2422,.T.);
#1732=EDGE_CURVE('',#2153,#2155,#2423,.T.);
#1733=EDGE_CURVE('',#2155,#2154,#171,.T.);
#1734=EDGE_CURVE('',#2154,#2156,#172,.T.);
#1735=EDGE_CURVE('',#2155,#2157,#173,.T.);
#1736=EDGE_CURVE('',#2157,#2156,#174,.T.);
#1737=EDGE_CURVE('',#2156,#2158,#2424,.T.);
#1738=EDGE_CURVE('',#2157,#2159,#2425,.T.);
#1739=EDGE_CURVE('',#2159,#2158,#175,.T.);
#1740=EDGE_CURVE('',#2158,#2160,#176,.T.);
#1741=EDGE_CURVE('',#2159,#2161,#177,.T.);
#1742=EDGE_CURVE('',#2161,#2160,#178,.T.);
#1743=EDGE_CURVE('',#2162,#2160,#2426,.T.);
#1744=EDGE_CURVE('',#2163,#2161,#2427,.T.);
#1745=EDGE_CURVE('',#2163,#2162,#179,.T.);
#1746=EDGE_CURVE('',#2162,#2164,#180,.T.);
#1747=EDGE_CURVE('',#2163,#2165,#181,.T.);
#1748=EDGE_CURVE('',#2165,#2164,#182,.T.);
#1749=EDGE_CURVE('',#2166,#2164,#2428,.T.);
#1750=EDGE_CURVE('',#2167,#2165,#2429,.T.);
#1751=EDGE_CURVE('',#2167,#2166,#183,.T.);
#1752=EDGE_CURVE('',#2166,#2168,#184,.T.);
#1753=EDGE_CURVE('',#2167,#2169,#185,.T.);
#1754=EDGE_CURVE('',#2169,#2168,#186,.T.);
#1755=EDGE_CURVE('',#2170,#2168,#2430,.T.);
#1756=EDGE_CURVE('',#2171,#2169,#2431,.T.);
#1757=EDGE_CURVE('',#2171,#2170,#187,.T.);
#1758=EDGE_CURVE('',#2170,#2172,#188,.T.);
#1759=EDGE_CURVE('',#2171,#2173,#189,.T.);
#1760=EDGE_CURVE('',#2173,#2172,#190,.T.);
#1761=EDGE_CURVE('',#2174,#2172,#2432,.T.);
#1762=EDGE_CURVE('',#2175,#2173,#2433,.T.);
#1763=EDGE_CURVE('',#2175,#2174,#191,.T.);
#1764=EDGE_CURVE('',#2174,#2176,#192,.T.);
#1765=EDGE_CURVE('',#2175,#2177,#193,.T.);
#1766=EDGE_CURVE('',#2177,#2176,#194,.T.);
#1767=EDGE_CURVE('',#2178,#2176,#2434,.T.);
#1768=EDGE_CURVE('',#2179,#2177,#2435,.T.);
#1769=EDGE_CURVE('',#2179,#2178,#195,.T.);
#1770=EDGE_CURVE('',#2178,#2180,#196,.T.);
#1771=EDGE_CURVE('',#2179,#2181,#197,.T.);
#1772=EDGE_CURVE('',#2181,#2180,#198,.T.);
#1773=EDGE_CURVE('',#2182,#2180,#2436,.T.);
#1774=EDGE_CURVE('',#2183,#2181,#2437,.T.);
#1775=EDGE_CURVE('',#2183,#2182,#199,.T.);
#1776=EDGE_CURVE('',#2182,#2184,#200,.T.);
#1777=EDGE_CURVE('',#2183,#2185,#201,.T.);
#1778=EDGE_CURVE('',#2185,#2184,#202,.T.);
#1779=EDGE_CURVE('',#2186,#2184,#2438,.T.);
#1780=EDGE_CURVE('',#2187,#2185,#2439,.T.);
#1781=EDGE_CURVE('',#2187,#2186,#203,.T.);
#1782=EDGE_CURVE('',#2186,#2188,#204,.T.);
#1783=EDGE_CURVE('',#2187,#2189,#205,.T.);
#1784=EDGE_CURVE('',#2189,#2188,#206,.T.);
#1785=EDGE_CURVE('',#2190,#2188,#2440,.T.);
#1786=EDGE_CURVE('',#2191,#2189,#2441,.T.);
#1787=EDGE_CURVE('',#2191,#2190,#207,.T.);
#1788=EDGE_CURVE('',#2190,#2192,#208,.T.);
#1789=EDGE_CURVE('',#2191,#2193,#209,.T.);
#1790=EDGE_CURVE('',#2193,#2192,#210,.T.);
#1791=EDGE_CURVE('',#2192,#2194,#2442,.T.);
#1792=EDGE_CURVE('',#2193,#2195,#2443,.T.);
#1793=EDGE_CURVE('',#2195,#2194,#211,.T.);
#1794=EDGE_CURVE('',#2194,#2196,#212,.T.);
#1795=EDGE_CURVE('',#2195,#2197,#213,.T.);
#1796=EDGE_CURVE('',#2197,#2196,#214,.T.);
#1797=EDGE_CURVE('',#2196,#2198,#2444,.T.);
#1798=EDGE_CURVE('',#2197,#2199,#2445,.T.);
#1799=EDGE_CURVE('',#2199,#2198,#215,.T.);
#1800=EDGE_CURVE('',#2198,#2200,#216,.T.);
#1801=EDGE_CURVE('',#2199,#2201,#217,.T.);
#1802=EDGE_CURVE('',#2201,#2200,#218,.T.);
#1803=EDGE_CURVE('',#2200,#2202,#2446,.T.);
#1804=EDGE_CURVE('',#2201,#2203,#2447,.T.);
#1805=EDGE_CURVE('',#2203,#2202,#219,.T.);
#1806=EDGE_CURVE('',#2202,#2204,#220,.T.);
#1807=EDGE_CURVE('',#2203,#2205,#221,.T.);
#1808=EDGE_CURVE('',#2205,#2204,#222,.T.);
#1809=EDGE_CURVE('',#2204,#2206,#2448,.T.);
#1810=EDGE_CURVE('',#2205,#2207,#2449,.T.);
#1811=EDGE_CURVE('',#2207,#2206,#223,.T.);
#1812=EDGE_CURVE('',#2206,#2208,#224,.T.);
#1813=EDGE_CURVE('',#2207,#2209,#225,.T.);
#1814=EDGE_CURVE('',#2209,#2208,#226,.T.);
#1815=EDGE_CURVE('',#2208,#2210,#2450,.T.);
#1816=EDGE_CURVE('',#2209,#2211,#2451,.T.);
#1817=EDGE_CURVE('',#2211,#2210,#227,.T.);
#1818=EDGE_CURVE('',#2210,#2212,#228,.T.);
#1819=EDGE_CURVE('',#2211,#2213,#229,.T.);
#1820=EDGE_CURVE('',#2213,#2212,#230,.T.);
#1821=EDGE_CURVE('',#2212,#2214,#2452,.T.);
#1822=EDGE_CURVE('',#2213,#2215,#2453,.T.);
#1823=EDGE_CURVE('',#2215,#2214,#231,.T.);
#1824=EDGE_CURVE('',#2214,#2216,#232,.T.);
#1825=EDGE_CURVE('',#2215,#2217,#233,.T.);
#1826=EDGE_CURVE('',#2217,#2216,#234,.T.);
#1827=EDGE_CURVE('',#2216,#2218,#2454,.T.);
#1828=EDGE_CURVE('',#2217,#2219,#2455,.T.);
#1829=EDGE_CURVE('',#2219,#2218,#235,.T.);
#1830=EDGE_CURVE('',#2218,#2220,#236,.T.);
#1831=EDGE_CURVE('',#2219,#2221,#237,.T.);
#1832=EDGE_CURVE('',#2221,#2220,#238,.T.);
#1833=EDGE_CURVE('',#2222,#2220,#2456,.T.);
#1834=EDGE_CURVE('',#2223,#2221,#2457,.T.);
#1835=EDGE_CURVE('',#2223,#2222,#239,.T.);
#1836=EDGE_CURVE('',#2222,#2224,#240,.T.);
#1837=EDGE_CURVE('',#2223,#2225,#241,.T.);
#1838=EDGE_CURVE('',#2225,#2224,#242,.T.);
#1839=EDGE_CURVE('',#2226,#2224,#2458,.T.);
#1840=EDGE_CURVE('',#2227,#2225,#2459,.T.);
#1841=EDGE_CURVE('',#2227,#2226,#243,.T.);
#1842=EDGE_CURVE('',#2226,#2228,#244,.T.);
#1843=EDGE_CURVE('',#2227,#2229,#245,.T.);
#1844=EDGE_CURVE('',#2229,#2228,#246,.T.);
#1845=EDGE_CURVE('',#2230,#2228,#2460,.T.);
#1846=EDGE_CURVE('',#2231,#2229,#2461,.T.);
#1847=EDGE_CURVE('',#2231,#2230,#247,.T.);
#1848=EDGE_CURVE('',#2230,#2232,#248,.T.);
#1849=EDGE_CURVE('',#2231,#2233,#249,.T.);
#1850=EDGE_CURVE('',#2233,#2232,#250,.T.);
#1851=EDGE_CURVE('',#2234,#2232,#2462,.T.);
#1852=EDGE_CURVE('',#2235,#2233,#2463,.T.);
#1853=EDGE_CURVE('',#2235,#2234,#251,.T.);
#1854=EDGE_CURVE('',#2234,#2236,#252,.T.);
#1855=EDGE_CURVE('',#2235,#2237,#253,.T.);
#1856=EDGE_CURVE('',#2237,#2236,#254,.T.);
#1857=EDGE_CURVE('',#2238,#2236,#2464,.T.);
#1858=EDGE_CURVE('',#2239,#2237,#2465,.T.);
#1859=EDGE_CURVE('',#2239,#2238,#255,.T.);
#1860=EDGE_CURVE('',#2238,#2240,#256,.T.);
#1861=EDGE_CURVE('',#2239,#2241,#257,.T.);
#1862=EDGE_CURVE('',#2241,#2240,#258,.T.);
#1863=EDGE_CURVE('',#2242,#2240,#2466,.T.);
#1864=EDGE_CURVE('',#2243,#2241,#2467,.T.);
#1865=EDGE_CURVE('',#2243,#2242,#259,.T.);
#1866=EDGE_CURVE('',#2242,#2244,#260,.T.);
#1867=EDGE_CURVE('',#2243,#2245,#261,.T.);
#1868=EDGE_CURVE('',#2245,#2244,#262,.T.);
#1869=EDGE_CURVE('',#2246,#2244,#2468,.T.);
#1870=EDGE_CURVE('',#2247,#2245,#2469,.T.);
#1871=EDGE_CURVE('',#2247,#2246,#263,.T.);
#1872=EDGE_CURVE('',#2246,#2248,#264,.T.);
#1873=EDGE_CURVE('',#2247,#2249,#265,.T.);
#1874=EDGE_CURVE('',#2249,#2248,#266,.T.);
#1875=EDGE_CURVE('',#2250,#2248,#2470,.T.);
#1876=EDGE_CURVE('',#2251,#2249,#2471,.T.);
#1877=EDGE_CURVE('',#2251,#2250,#267,.T.);
#1878=EDGE_CURVE('',#2250,#2252,#268,.T.);
#1879=EDGE_CURVE('',#2251,#2253,#269,.T.);
#1880=EDGE_CURVE('',#2253,#2252,#270,.T.);
#1881=EDGE_CURVE('',#2252,#2254,#2472,.T.);
#1882=EDGE_CURVE('',#2253,#2255,#2473,.T.);
#1883=EDGE_CURVE('',#2255,#2254,#271,.T.);
#1884=EDGE_CURVE('',#2254,#2256,#272,.T.);
#1885=EDGE_CURVE('',#2255,#2257,#273,.T.);
#1886=EDGE_CURVE('',#2257,#2256,#274,.T.);
#1887=EDGE_CURVE('',#2256,#2258,#2474,.T.);
#1888=EDGE_CURVE('',#2257,#2259,#2475,.T.);
#1889=EDGE_CURVE('',#2259,#2258,#275,.T.);
#1890=EDGE_CURVE('',#2258,#2260,#276,.T.);
#1891=EDGE_CURVE('',#2259,#2261,#277,.T.);
#1892=EDGE_CURVE('',#2261,#2260,#278,.T.);
#1893=EDGE_CURVE('',#2260,#2262,#2476,.T.);
#1894=EDGE_CURVE('',#2261,#2263,#2477,.T.);
#1895=EDGE_CURVE('',#2263,#2262,#279,.T.);
#1896=EDGE_CURVE('',#2262,#2264,#280,.T.);
#1897=EDGE_CURVE('',#2263,#2265,#281,.T.);
#1898=EDGE_CURVE('',#2265,#2264,#282,.T.);
#1899=EDGE_CURVE('',#2264,#2266,#2478,.T.);
#1900=EDGE_CURVE('',#2265,#2267,#2479,.T.);
#1901=EDGE_CURVE('',#2267,#2266,#283,.T.);
#1902=EDGE_CURVE('',#2266,#2268,#284,.T.);
#1903=EDGE_CURVE('',#2267,#2269,#285,.T.);
#1904=EDGE_CURVE('',#2269,#2268,#286,.T.);
#1905=EDGE_CURVE('',#2268,#2270,#2480,.T.);
#1906=EDGE_CURVE('',#2269,#2271,#2481,.T.);
#1907=EDGE_CURVE('',#2271,#2270,#287,.T.);
#1908=EDGE_CURVE('',#2270,#2272,#288,.T.);
#1909=EDGE_CURVE('',#2271,#2273,#289,.T.);
#1910=EDGE_CURVE('',#2273,#2272,#290,.T.);
#1911=EDGE_CURVE('',#2272,#2274,#2482,.T.);
#1912=EDGE_CURVE('',#2273,#2275,#2483,.T.);
#1913=EDGE_CURVE('',#2275,#2274,#291,.T.);
#1914=EDGE_CURVE('',#2274,#2276,#292,.T.);
#1915=EDGE_CURVE('',#2275,#2277,#293,.T.);
#1916=EDGE_CURVE('',#2277,#2276,#294,.T.);
#1917=EDGE_CURVE('',#2276,#2278,#2484,.T.);
#1918=EDGE_CURVE('',#2277,#2279,#2485,.T.);
#1919=EDGE_CURVE('',#2279,#2278,#295,.T.);
#1920=EDGE_CURVE('',#2278,#2280,#296,.T.);
#1921=EDGE_CURVE('',#2279,#2281,#297,.T.);
#1922=EDGE_CURVE('',#2281,#2280,#298,.T.);
#1923=EDGE_CURVE('',#2282,#2280,#2486,.T.);
#1924=EDGE_CURVE('',#2283,#2281,#2487,.T.);
#1925=EDGE_CURVE('',#2283,#2282,#299,.T.);
#1926=EDGE_CURVE('',#2282,#2284,#300,.T.);
#1927=EDGE_CURVE('',#2283,#2285,#301,.T.);
#1928=EDGE_CURVE('',#2285,#2284,#302,.T.);
#1929=EDGE_CURVE('',#2286,#2284,#2488,.T.);
#1930=EDGE_CURVE('',#2287,#2285,#2489,.T.);
#1931=EDGE_CURVE('',#2287,#2286,#303,.T.);
#1932=EDGE_CURVE('',#2286,#2288,#304,.T.);
#1933=EDGE_CURVE('',#2287,#2289,#305,.T.);
#1934=EDGE_CURVE('',#2289,#2288,#306,.T.);
#1935=EDGE_CURVE('',#2290,#2288,#2490,.T.);
#1936=EDGE_CURVE('',#2291,#2289,#2491,.T.);
#1937=EDGE_CURVE('',#2291,#2290,#307,.T.);
#1938=EDGE_CURVE('',#2290,#2292,#308,.T.);
#1939=EDGE_CURVE('',#2291,#2293,#309,.T.);
#1940=EDGE_CURVE('',#2293,#2292,#310,.T.);
#1941=EDGE_CURVE('',#2294,#2292,#2492,.T.);
#1942=EDGE_CURVE('',#2295,#2293,#2493,.T.);
#1943=EDGE_CURVE('',#2295,#2294,#311,.T.);
#1944=EDGE_CURVE('',#2294,#2296,#312,.T.);
#1945=EDGE_CURVE('',#2295,#2297,#313,.T.);
#1946=EDGE_CURVE('',#2297,#2296,#314,.T.);
#1947=EDGE_CURVE('',#2298,#2296,#2494,.T.);
#1948=EDGE_CURVE('',#2299,#2297,#2495,.T.);
#1949=EDGE_CURVE('',#2299,#2298,#315,.T.);
#1950=EDGE_CURVE('',#2298,#2300,#316,.T.);
#1951=EDGE_CURVE('',#2299,#2301,#317,.T.);
#1952=EDGE_CURVE('',#2301,#2300,#318,.T.);
#1953=EDGE_CURVE('',#2302,#2300,#2496,.T.);
#1954=EDGE_CURVE('',#2303,#2301,#2497,.T.);
#1955=EDGE_CURVE('',#2303,#2302,#319,.T.);
#1956=EDGE_CURVE('',#2302,#2304,#320,.T.);
#1957=EDGE_CURVE('',#2303,#2305,#321,.T.);
#1958=EDGE_CURVE('',#2305,#2304,#322,.T.);
#1959=EDGE_CURVE('',#2306,#2304,#2498,.T.);
#1960=EDGE_CURVE('',#2307,#2305,#2499,.T.);
#1961=EDGE_CURVE('',#2307,#2306,#323,.T.);
#1962=EDGE_CURVE('',#2306,#2308,#324,.T.);
#1963=EDGE_CURVE('',#2307,#2309,#325,.T.);
#1964=EDGE_CURVE('',#2309,#2308,#326,.T.);
#1965=EDGE_CURVE('',#2310,#2308,#2500,.T.);
#1966=EDGE_CURVE('',#2311,#2309,#2501,.T.);
#1967=EDGE_CURVE('',#2311,#2310,#327,.T.);
#1968=EDGE_CURVE('',#2310,#2312,#328,.T.);
#1969=EDGE_CURVE('',#2311,#2313,#329,.T.);
#1970=EDGE_CURVE('',#2313,#2312,#330,.T.);
#1971=EDGE_CURVE('',#2312,#2314,#2502,.T.);
#1972=EDGE_CURVE('',#2313,#2315,#2503,.T.);
#1973=EDGE_CURVE('',#2315,#2314,#331,.T.);
#1974=EDGE_CURVE('',#2314,#2316,#332,.T.);
#1975=EDGE_CURVE('',#2315,#2317,#333,.T.);
#1976=EDGE_CURVE('',#2317,#2316,#334,.T.);
#1977=EDGE_CURVE('',#2316,#2318,#2504,.T.);
#1978=EDGE_CURVE('',#2317,#2319,#2505,.T.);
#1979=EDGE_CURVE('',#2319,#2318,#335,.T.);
#1980=EDGE_CURVE('',#2320,#2321,#2506,.T.);
#1981=EDGE_CURVE('',#2322,#2321,#336,.T.);
#1982=EDGE_CURVE('',#2323,#2322,#2507,.T.);
#1983=EDGE_CURVE('',#2323,#2320,#337,.T.);
#1984=EDGE_CURVE('',#2324,#2320,#338,.T.);
#1985=EDGE_CURVE('',#2325,#2323,#339,.T.);
#1986=EDGE_CURVE('',#2325,#2324,#340,.T.);
#1987=EDGE_CURVE('',#2326,#2324,#2508,.T.);
#1988=EDGE_CURVE('',#2327,#2325,#2509,.T.);
#1989=EDGE_CURVE('',#2327,#2326,#341,.T.);
#1990=EDGE_CURVE('',#2328,#2326,#342,.T.);
#1991=EDGE_CURVE('',#2329,#2327,#343,.T.);
#1992=EDGE_CURVE('',#2329,#2328,#344,.T.);
#1993=EDGE_CURVE('',#2330,#2328,#2510,.T.);
#1994=EDGE_CURVE('',#2331,#2329,#2511,.T.);
#1995=EDGE_CURVE('',#2331,#2330,#345,.T.);
#1996=EDGE_CURVE('',#2332,#2330,#346,.T.);
#1997=EDGE_CURVE('',#2333,#2331,#347,.T.);
#1998=EDGE_CURVE('',#2333,#2332,#348,.T.);
#1999=EDGE_CURVE('',#2334,#2332,#2512,.T.);
#2000=EDGE_CURVE('',#2335,#2333,#2513,.T.);
#2001=EDGE_CURVE('',#2335,#2334,#349,.T.);
#2002=EDGE_CURVE('',#2336,#2337,#2514,.T.);
#2003=EDGE_CURVE('',#2338,#2337,#350,.T.);
#2004=EDGE_CURVE('',#2339,#2338,#2515,.T.);
#2005=EDGE_CURVE('',#2339,#2336,#351,.T.);
#2006=EDGE_CURVE('',#2340,#2336,#352,.T.);
#2007=EDGE_CURVE('',#2341,#2339,#353,.T.);
#2008=EDGE_CURVE('',#2341,#2340,#354,.T.);
#2009=EDGE_CURVE('',#2342,#2340,#2516,.T.);
#2010=EDGE_CURVE('',#2343,#2341,#2517,.T.);
#2011=EDGE_CURVE('',#2343,#2342,#355,.T.);
#2012=EDGE_CURVE('',#2344,#2342,#356,.T.);
#2013=EDGE_CURVE('',#2345,#2343,#357,.T.);
#2014=EDGE_CURVE('',#2345,#2344,#358,.T.);
#2015=EDGE_CURVE('',#2346,#2344,#2518,.T.);
#2016=EDGE_CURVE('',#2347,#2345,#2519,.T.);
#2017=EDGE_CURVE('',#2347,#2346,#359,.T.);
#2018=EDGE_CURVE('',#2348,#2346,#360,.T.);
#2019=EDGE_CURVE('',#2349,#2347,#361,.T.);
#2020=EDGE_CURVE('',#2349,#2348,#362,.T.);
#2021=EDGE_CURVE('',#2350,#2348,#2520,.T.);
#2022=EDGE_CURVE('',#2351,#2349,#2521,.T.);
#2023=EDGE_CURVE('',#2351,#2350,#363,.T.);
#2024=EDGE_CURVE('',#2352,#2353,#364,.T.);
#2025=EDGE_CURVE('',#2354,#2353,#365,.T.);
#2026=EDGE_CURVE('',#2355,#2354,#366,.T.);
#2027=EDGE_CURVE('',#2355,#2352,#367,.T.);
#2028=EDGE_CURVE('',#2356,#2352,#2522,.T.);
#2029=EDGE_CURVE('',#2357,#2355,#2523,.T.);
#2030=EDGE_CURVE('',#2357,#2356,#368,.T.);
#2031=EDGE_CURVE('',#2358,#2356,#369,.T.);
#2032=EDGE_CURVE('',#2359,#2357,#370,.T.);
#2033=EDGE_CURVE('',#2359,#2358,#371,.T.);
#2034=EDGE_CURVE('',#2360,#2358,#2524,.T.);
#2035=EDGE_CURVE('',#2361,#2359,#2525,.T.);
#2036=EDGE_CURVE('',#2361,#2360,#372,.T.);
#2037=EDGE_CURVE('',#2362,#2360,#373,.T.);
#2038=EDGE_CURVE('',#2363,#2361,#374,.T.);
#2039=EDGE_CURVE('',#2363,#2362,#375,.T.);
#2040=EDGE_CURVE('',#2364,#2362,#2526,.T.);
#2041=EDGE_CURVE('',#2365,#2363,#2527,.T.);
#2042=EDGE_CURVE('',#2365,#2364,#376,.T.);
#2043=EDGE_CURVE('',#2366,#2364,#377,.T.);
#2044=EDGE_CURVE('',#2367,#2365,#378,.T.);
#2045=EDGE_CURVE('',#2367,#2366,#379,.T.);
#2046=EDGE_CURVE('',#2368,#2369,#380,.T.);
#2047=EDGE_CURVE('',#2370,#2369,#381,.T.);
#2048=EDGE_CURVE('',#2371,#2370,#382,.T.);
#2049=EDGE_CURVE('',#2371,#2368,#383,.T.);
#2050=EDGE_CURVE('',#2372,#2368,#2528,.T.);
#2051=EDGE_CURVE('',#2373,#2371,#2529,.T.);
#2052=EDGE_CURVE('',#2373,#2372,#384,.T.);
#2053=EDGE_CURVE('',#2374,#2372,#385,.T.);
#2054=EDGE_CURVE('',#2375,#2373,#386,.T.);
#2055=EDGE_CURVE('',#2375,#2374,#387,.T.);
#2056=EDGE_CURVE('',#2376,#2374,#2530,.T.);
#2057=EDGE_CURVE('',#2377,#2375,#2531,.T.);
#2058=EDGE_CURVE('',#2377,#2376,#388,.T.);
#2059=EDGE_CURVE('',#2378,#2376,#389,.T.);
#2060=EDGE_CURVE('',#2379,#2377,#390,.T.);
#2061=EDGE_CURVE('',#2379,#2378,#391,.T.);
#2062=EDGE_CURVE('',#2380,#2378,#2532,.T.);
#2063=EDGE_CURVE('',#2381,#2379,#2533,.T.);
#2064=EDGE_CURVE('',#2381,#2380,#392,.T.);
#2065=EDGE_CURVE('',#2382,#2380,#393,.T.);
#2066=EDGE_CURVE('',#2383,#2381,#394,.T.);
#2067=EDGE_CURVE('',#2383,#2382,#395,.T.);
#2068=EDGE_CURVE('',#2321,#2334,#396,.T.);
#2069=EDGE_CURVE('',#2322,#2335,#397,.T.);
#2070=EDGE_CURVE('',#2337,#2350,#398,.T.);
#2071=EDGE_CURVE('',#2338,#2351,#399,.T.);
#2072=EDGE_CURVE('',#2384,#2384,#2534,.T.);
#2073=EDGE_CURVE('',#2385,#2385,#2535,.T.);
#2074=EDGE_CURVE('',#2353,#2366,#2536,.T.);
#2075=EDGE_CURVE('',#2354,#2367,#2537,.T.);
#2076=EDGE_CURVE('',#2369,#2382,#2538,.T.);
#2077=EDGE_CURVE('',#2370,#2383,#2539,.T.);
#2078=EDGE_CURVE('',#2318,#2080,#400,.T.);
#2079=EDGE_CURVE('',#2319,#2082,#401,.T.);
#2080=VERTEX_POINT('',#4353);
#2081=VERTEX_POINT('',#4354);
#2082=VERTEX_POINT('',#4356);
#2083=VERTEX_POINT('',#4358);
#2084=VERTEX_POINT('',#4362);
#2085=VERTEX_POINT('',#4364);
#2086=VERTEX_POINT('',#4368);
#2087=VERTEX_POINT('',#4370);
#2088=VERTEX_POINT('',#4374);
#2089=VERTEX_POINT('',#4376);
#2090=VERTEX_POINT('',#4380);
#2091=VERTEX_POINT('',#4382);
#2092=VERTEX_POINT('',#4386);
#2093=VERTEX_POINT('',#4388);
#2094=VERTEX_POINT('',#4392);
#2095=VERTEX_POINT('',#4394);
#2096=VERTEX_POINT('',#4398);
#2097=VERTEX_POINT('',#4400);
#2098=VERTEX_POINT('',#4404);
#2099=VERTEX_POINT('',#4406);
#2100=VERTEX_POINT('',#4410);
#2101=VERTEX_POINT('',#4412);
#2102=VERTEX_POINT('',#4416);
#2103=VERTEX_POINT('',#4418);
#2104=VERTEX_POINT('',#4422);
#2105=VERTEX_POINT('',#4424);
#2106=VERTEX_POINT('',#4428);
#2107=VERTEX_POINT('',#4430);
#2108=VERTEX_POINT('',#4434);
#2109=VERTEX_POINT('',#4436);
#2110=VERTEX_POINT('',#4440);
#2111=VERTEX_POINT('',#4442);
#2112=VERTEX_POINT('',#4446);
#2113=VERTEX_POINT('',#4448);
#2114=VERTEX_POINT('',#4452);
#2115=VERTEX_POINT('',#4454);
#2116=VERTEX_POINT('',#4458);
#2117=VERTEX_POINT('',#4460);
#2118=VERTEX_POINT('',#4464);
#2119=VERTEX_POINT('',#4466);
#2120=VERTEX_POINT('',#4470);
#2121=VERTEX_POINT('',#4472);
#2122=VERTEX_POINT('',#4476);
#2123=VERTEX_POINT('',#4478);
#2124=VERTEX_POINT('',#4482);
#2125=VERTEX_POINT('',#4484);
#2126=VERTEX_POINT('',#4488);
#2127=VERTEX_POINT('',#4490);
#2128=VERTEX_POINT('',#4494);
#2129=VERTEX_POINT('',#4496);
#2130=VERTEX_POINT('',#4500);
#2131=VERTEX_POINT('',#4502);
#2132=VERTEX_POINT('',#4506);
#2133=VERTEX_POINT('',#4508);
#2134=VERTEX_POINT('',#4512);
#2135=VERTEX_POINT('',#4514);
#2136=VERTEX_POINT('',#4518);
#2137=VERTEX_POINT('',#4520);
#2138=VERTEX_POINT('',#4524);
#2139=VERTEX_POINT('',#4526);
#2140=VERTEX_POINT('',#4530);
#2141=VERTEX_POINT('',#4532);
#2142=VERTEX_POINT('',#4536);
#2143=VERTEX_POINT('',#4538);
#2144=VERTEX_POINT('',#4542);
#2145=VERTEX_POINT('',#4544);
#2146=VERTEX_POINT('',#4548);
#2147=VERTEX_POINT('',#4550);
#2148=VERTEX_POINT('',#4554);
#2149=VERTEX_POINT('',#4556);
#2150=VERTEX_POINT('',#4560);
#2151=VERTEX_POINT('',#4562);
#2152=VERTEX_POINT('',#4566);
#2153=VERTEX_POINT('',#4568);
#2154=VERTEX_POINT('',#4572);
#2155=VERTEX_POINT('',#4574);
#2156=VERTEX_POINT('',#4578);
#2157=VERTEX_POINT('',#4580);
#2158=VERTEX_POINT('',#4584);
#2159=VERTEX_POINT('',#4586);
#2160=VERTEX_POINT('',#4590);
#2161=VERTEX_POINT('',#4592);
#2162=VERTEX_POINT('',#4596);
#2163=VERTEX_POINT('',#4598);
#2164=VERTEX_POINT('',#4602);
#2165=VERTEX_POINT('',#4604);
#2166=VERTEX_POINT('',#4608);
#2167=VERTEX_POINT('',#4610);
#2168=VERTEX_POINT('',#4614);
#2169=VERTEX_POINT('',#4616);
#2170=VERTEX_POINT('',#4620);
#2171=VERTEX_POINT('',#4622);
#2172=VERTEX_POINT('',#4626);
#2173=VERTEX_POINT('',#4628);
#2174=VERTEX_POINT('',#4632);
#2175=VERTEX_POINT('',#4634);
#2176=VERTEX_POINT('',#4638);
#2177=VERTEX_POINT('',#4640);
#2178=VERTEX_POINT('',#4644);
#2179=VERTEX_POINT('',#4646);
#2180=VERTEX_POINT('',#4650);
#2181=VERTEX_POINT('',#4652);
#2182=VERTEX_POINT('',#4656);
#2183=VERTEX_POINT('',#4658);
#2184=VERTEX_POINT('',#4662);
#2185=VERTEX_POINT('',#4664);
#2186=VERTEX_POINT('',#4668);
#2187=VERTEX_POINT('',#4670);
#2188=VERTEX_POINT('',#4674);
#2189=VERTEX_POINT('',#4676);
#2190=VERTEX_POINT('',#4680);
#2191=VERTEX_POINT('',#4682);
#2192=VERTEX_POINT('',#4686);
#2193=VERTEX_POINT('',#4688);
#2194=VERTEX_POINT('',#4692);
#2195=VERTEX_POINT('',#4694);
#2196=VERTEX_POINT('',#4698);
#2197=VERTEX_POINT('',#4700);
#2198=VERTEX_POINT('',#4704);
#2199=VERTEX_POINT('',#4706);
#2200=VERTEX_POINT('',#4710);
#2201=VERTEX_POINT('',#4712);
#2202=VERTEX_POINT('',#4716);
#2203=VERTEX_POINT('',#4718);
#2204=VERTEX_POINT('',#4722);
#2205=VERTEX_POINT('',#4724);
#2206=VERTEX_POINT('',#4728);
#2207=VERTEX_POINT('',#4730);
#2208=VERTEX_POINT('',#4734);
#2209=VERTEX_POINT('',#4736);
#2210=VERTEX_POINT('',#4740);
#2211=VERTEX_POINT('',#4742);
#2212=VERTEX_POINT('',#4746);
#2213=VERTEX_POINT('',#4748);
#2214=VERTEX_POINT('',#4752);
#2215=VERTEX_POINT('',#4754);
#2216=VERTEX_POINT('',#4758);
#2217=VERTEX_POINT('',#4760);
#2218=VERTEX_POINT('',#4764);
#2219=VERTEX_POINT('',#4766);
#2220=VERTEX_POINT('',#4770);
#2221=VERTEX_POINT('',#4772);
#2222=VERTEX_POINT('',#4776);
#2223=VERTEX_POINT('',#4778);
#2224=VERTEX_POINT('',#4782);
#2225=VERTEX_POINT('',#4784);
#2226=VERTEX_POINT('',#4788);
#2227=VERTEX_POINT('',#4790);
#2228=VERTEX_POINT('',#4794);
#2229=VERTEX_POINT('',#4796);
#2230=VERTEX_POINT('',#4800);
#2231=VERTEX_POINT('',#4802);
#2232=VERTEX_POINT('',#4806);
#2233=VERTEX_POINT('',#4808);
#2234=VERTEX_POINT('',#4812);
#2235=VERTEX_POINT('',#4814);
#2236=VERTEX_POINT('',#4818);
#2237=VERTEX_POINT('',#4820);
#2238=VERTEX_POINT('',#4824);
#2239=VERTEX_POINT('',#4826);
#2240=VERTEX_POINT('',#4830);
#2241=VERTEX_POINT('',#4832);
#2242=VERTEX_POINT('',#4836);
#2243=VERTEX_POINT('',#4838);
#2244=VERTEX_POINT('',#4842);
#2245=VERTEX_POINT('',#4844);
#2246=VERTEX_POINT('',#4848);
#2247=VERTEX_POINT('',#4850);
#2248=VERTEX_POINT('',#4854);
#2249=VERTEX_POINT('',#4856);
#2250=VERTEX_POINT('',#4860);
#2251=VERTEX_POINT('',#4862);
#2252=VERTEX_POINT('',#4866);
#2253=VERTEX_POINT('',#4868);
#2254=VERTEX_POINT('',#4872);
#2255=VERTEX_POINT('',#4874);
#2256=VERTEX_POINT('',#4878);
#2257=VERTEX_POINT('',#4880);
#2258=VERTEX_POINT('',#4884);
#2259=VERTEX_POINT('',#4886);
#2260=VERTEX_POINT('',#4890);
#2261=VERTEX_POINT('',#4892);
#2262=VERTEX_POINT('',#4896);
#2263=VERTEX_POINT('',#4898);
#2264=VERTEX_POINT('',#4902);
#2265=VERTEX_POINT('',#4904);
#2266=VERTEX_POINT('',#4908);
#2267=VERTEX_POINT('',#4910);
#2268=VERTEX_POINT('',#4914);
#2269=VERTEX_POINT('',#4916);
#2270=VERTEX_POINT('',#4920);
#2271=VERTEX_POINT('',#4922);
#2272=VERTEX_POINT('',#4926);
#2273=VERTEX_POINT('',#4928);
#2274=VERTEX_POINT('',#4932);
#2275=VERTEX_POINT('',#4934);
#2276=VERTEX_POINT('',#4938);
#2277=VERTEX_POINT('',#4940);
#2278=VERTEX_POINT('',#4944);
#2279=VERTEX_POINT('',#4946);
#2280=VERTEX_POINT('',#4950);
#2281=VERTEX_POINT('',#4952);
#2282=VERTEX_POINT('',#4956);
#2283=VERTEX_POINT('',#4958);
#2284=VERTEX_POINT('',#4962);
#2285=VERTEX_POINT('',#4964);
#2286=VERTEX_POINT('',#4968);
#2287=VERTEX_POINT('',#4970);
#2288=VERTEX_POINT('',#4974);
#2289=VERTEX_POINT('',#4976);
#2290=VERTEX_POINT('',#4980);
#2291=VERTEX_POINT('',#4982);
#2292=VERTEX_POINT('',#4986);
#2293=VERTEX_POINT('',#4988);
#2294=VERTEX_POINT('',#4992);
#2295=VERTEX_POINT('',#4994);
#2296=VERTEX_POINT('',#4998);
#2297=VERTEX_POINT('',#5000);
#2298=VERTEX_POINT('',#5004);
#2299=VERTEX_POINT('',#5006);
#2300=VERTEX_POINT('',#5010);
#2301=VERTEX_POINT('',#5012);
#2302=VERTEX_POINT('',#5016);
#2303=VERTEX_POINT('',#5018);
#2304=VERTEX_POINT('',#5022);
#2305=VERTEX_POINT('',#5024);
#2306=VERTEX_POINT('',#5028);
#2307=VERTEX_POINT('',#5030);
#2308=VERTEX_POINT('',#5034);
#2309=VERTEX_POINT('',#5036);
#2310=VERTEX_POINT('',#5040);
#2311=VERTEX_POINT('',#5042);
#2312=VERTEX_POINT('',#5046);
#2313=VERTEX_POINT('',#5048);
#2314=VERTEX_POINT('',#5052);
#2315=VERTEX_POINT('',#5054);
#2316=VERTEX_POINT('',#5058);
#2317=VERTEX_POINT('',#5060);
#2318=VERTEX_POINT('',#5064);
#2319=VERTEX_POINT('',#5066);
#2320=VERTEX_POINT('',#5070);
#2321=VERTEX_POINT('',#5071);
#2322=VERTEX_POINT('',#5073);
#2323=VERTEX_POINT('',#5075);
#2324=VERTEX_POINT('',#5079);
#2325=VERTEX_POINT('',#5081);
#2326=VERTEX_POINT('',#5085);
#2327=VERTEX_POINT('',#5087);
#2328=VERTEX_POINT('',#5091);
#2329=VERTEX_POINT('',#5093);
#2330=VERTEX_POINT('',#5097);
#2331=VERTEX_POINT('',#5099);
#2332=VERTEX_POINT('',#5103);
#2333=VERTEX_POINT('',#5105);
#2334=VERTEX_POINT('',#5109);
#2335=VERTEX_POINT('',#5111);
#2336=VERTEX_POINT('',#5115);
#2337=VERTEX_POINT('',#5116);
#2338=VERTEX_POINT('',#5118);
#2339=VERTEX_POINT('',#5120);
#2340=VERTEX_POINT('',#5124);
#2341=VERTEX_POINT('',#5126);
#2342=VERTEX_POINT('',#5130);
#2343=VERTEX_POINT('',#5132);
#2344=VERTEX_POINT('',#5136);
#2345=VERTEX_POINT('',#5138);
#2346=VERTEX_POINT('',#5142);
#2347=VERTEX_POINT('',#5144);
#2348=VERTEX_POINT('',#5148);
#2349=VERTEX_POINT('',#5150);
#2350=VERTEX_POINT('',#5154);
#2351=VERTEX_POINT('',#5156);
#2352=VERTEX_POINT('',#5160);
#2353=VERTEX_POINT('',#5161);
#2354=VERTEX_POINT('',#5163);
#2355=VERTEX_POINT('',#5165);
#2356=VERTEX_POINT('',#5169);
#2357=VERTEX_POINT('',#5171);
#2358=VERTEX_POINT('',#5175);
#2359=VERTEX_POINT('',#5177);
#2360=VERTEX_POINT('',#5181);
#2361=VERTEX_POINT('',#5183);
#2362=VERTEX_POINT('',#5187);
#2363=VERTEX_POINT('',#5189);
#2364=VERTEX_POINT('',#5193);
#2365=VERTEX_POINT('',#5195);
#2366=VERTEX_POINT('',#5199);
#2367=VERTEX_POINT('',#5201);
#2368=VERTEX_POINT('',#5205);
#2369=VERTEX_POINT('',#5206);
#2370=VERTEX_POINT('',#5208);
#2371=VERTEX_POINT('',#5210);
#2372=VERTEX_POINT('',#5214);
#2373=VERTEX_POINT('',#5216);
#2374=VERTEX_POINT('',#5220);
#2375=VERTEX_POINT('',#5222);
#2376=VERTEX_POINT('',#5226);
#2377=VERTEX_POINT('',#5228);
#2378=VERTEX_POINT('',#5232);
#2379=VERTEX_POINT('',#5234);
#2380=VERTEX_POINT('',#5238);
#2381=VERTEX_POINT('',#5240);
#2382=VERTEX_POINT('',#5244);
#2383=VERTEX_POINT('',#5246);
#2384=VERTEX_POINT('',#5256);
#2385=VERTEX_POINT('',#5258);
#2386=CIRCLE('',#3118,0.999999999999997);
#2387=CIRCLE('',#3119,0.999999999999997);
#2388=CIRCLE('',#3122,3.);
#2389=CIRCLE('',#3123,3.);
#2390=CIRCLE('',#3126,0.999999999999997);
#2391=CIRCLE('',#3127,0.999999999999997);
#2392=CIRCLE('',#3130,0.999999999999998);
#2393=CIRCLE('',#3131,0.999999999999998);
#2394=CIRCLE('',#3134,0.300000000000003);
#2395=CIRCLE('',#3135,0.300000000000003);
#2396=CIRCLE('',#3138,0.300000000000004);
#2397=CIRCLE('',#3139,0.300000000000004);
#2398=CIRCLE('',#3142,1.);
#2399=CIRCLE('',#3143,1.);
#2400=CIRCLE('',#3146,2.99999999999999);
#2401=CIRCLE('',#3147,2.99999999999999);
#2402=CIRCLE('',#3150,3.);
#2403=CIRCLE('',#3151,3.);
#2404=CIRCLE('',#3154,3.00000000000001);
#2405=CIRCLE('',#3155,3.00000000000001);
#2406=CIRCLE('',#3158,2.99999999999999);
#2407=CIRCLE('',#3159,2.99999999999999);
#2408=CIRCLE('',#3162,1.);
#2409=CIRCLE('',#3163,1.);
#2410=CIRCLE('',#3166,0.3);
#2411=CIRCLE('',#3167,0.3);
#2412=CIRCLE('',#3170,0.300000000000004);
#2413=CIRCLE('',#3171,0.300000000000004);
#2414=CIRCLE('',#3174,0.999999999999999);
#2415=CIRCLE('',#3175,0.999999999999999);
#2416=CIRCLE('',#3178,0.999999999999997);
#2417=CIRCLE('',#3179,0.999999999999997);
#2418=CIRCLE('',#3182,3.);
#2419=CIRCLE('',#3183,3.);
#2420=CIRCLE('',#3186,0.999999999999997);
#2421=CIRCLE('',#3187,0.999999999999997);
#2422=CIRCLE('',#3190,1.);
#2423=CIRCLE('',#3191,1.);
#2424=CIRCLE('',#3194,0.300000000000003);
#2425=CIRCLE('',#3195,0.300000000000003);
#2426=CIRCLE('',#3198,0.300000000000003);
#2427=CIRCLE('',#3199,0.300000000000003);
#2428=CIRCLE('',#3202,1.);
#2429=CIRCLE('',#3203,1.);
#2430=CIRCLE('',#3206,3.);
#2431=CIRCLE('',#3207,3.);
#2432=CIRCLE('',#3210,3.);
#2433=CIRCLE('',#3211,3.);
#2434=CIRCLE('',#3214,3.);
#2435=CIRCLE('',#3215,3.);
#2436=CIRCLE('',#3218,3.);
#2437=CIRCLE('',#3219,3.);
#2438=CIRCLE('',#3222,1.);
#2439=CIRCLE('',#3223,1.);
#2440=CIRCLE('',#3226,0.299999999999998);
#2441=CIRCLE('',#3227,0.299999999999998);
#2442=CIRCLE('',#3230,0.300000000000003);
#2443=CIRCLE('',#3231,0.300000000000003);
#2444=CIRCLE('',#3234,1.);
#2445=CIRCLE('',#3235,1.);
#2446=CIRCLE('',#3238,0.999999999999997);
#2447=CIRCLE('',#3239,0.999999999999997);
#2448=CIRCLE('',#3242,3.);
#2449=CIRCLE('',#3243,3.);
#2450=CIRCLE('',#3246,0.999999999999997);
#2451=CIRCLE('',#3247,0.999999999999997);
#2452=CIRCLE('',#3250,0.999999999999998);
#2453=CIRCLE('',#3251,0.999999999999998);
#2454=CIRCLE('',#3254,0.300000000000003);
#2455=CIRCLE('',#3255,0.300000000000003);
#2456=CIRCLE('',#3258,0.300000000000004);
#2457=CIRCLE('',#3259,0.300000000000004);
#2458=CIRCLE('',#3262,1.);
#2459=CIRCLE('',#3263,1.);
#2460=CIRCLE('',#3266,3.);
#2461=CIRCLE('',#3267,3.);
#2462=CIRCLE('',#3270,3.);
#2463=CIRCLE('',#3271,3.);
#2464=CIRCLE('',#3274,3.00000000000001);
#2465=CIRCLE('',#3275,3.00000000000001);
#2466=CIRCLE('',#3278,3.);
#2467=CIRCLE('',#3279,3.);
#2468=CIRCLE('',#3282,1.);
#2469=CIRCLE('',#3283,1.);
#2470=CIRCLE('',#3286,0.299999999999996);
#2471=CIRCLE('',#3287,0.299999999999996);
#2472=CIRCLE('',#3290,0.300000000000004);
#2473=CIRCLE('',#3291,0.300000000000004);
#2474=CIRCLE('',#3294,0.999999999999999);
#2475=CIRCLE('',#3295,0.999999999999999);
#2476=CIRCLE('',#3298,0.999999999999997);
#2477=CIRCLE('',#3299,0.999999999999997);
#2478=CIRCLE('',#3302,3.);
#2479=CIRCLE('',#3303,3.);
#2480=CIRCLE('',#3306,0.999999999999997);
#2481=CIRCLE('',#3307,0.999999999999997);
#2482=CIRCLE('',#3310,0.999999999999999);
#2483=CIRCLE('',#3311,0.999999999999999);
#2484=CIRCLE('',#3314,0.300000000000003);
#2485=CIRCLE('',#3315,0.300000000000003);
#2486=CIRCLE('',#3318,0.300000000000003);
#2487=CIRCLE('',#3319,0.300000000000003);
#2488=CIRCLE('',#3322,1.);
#2489=CIRCLE('',#3323,1.);
#2490=CIRCLE('',#3326,2.99999999999999);
#2491=CIRCLE('',#3327,2.99999999999999);
#2492=CIRCLE('',#3330,2.99999999999999);
#2493=CIRCLE('',#3331,2.99999999999999);
#2494=CIRCLE('',#3334,3.00000000000001);
#2495=CIRCLE('',#3335,3.00000000000001);
#2496=CIRCLE('',#3338,2.99999999999999);
#2497=CIRCLE('',#3339,2.99999999999999);
#2498=CIRCLE('',#3342,1.);
#2499=CIRCLE('',#3343,1.);
#2500=CIRCLE('',#3346,0.299999999999998);
#2501=CIRCLE('',#3347,0.299999999999998);
#2502=CIRCLE('',#3350,0.300000000000003);
#2503=CIRCLE('',#3351,0.300000000000003);
#2504=CIRCLE('',#3354,1.);
#2505=CIRCLE('',#3355,1.);
#2506=CIRCLE('',#3357,0.300000000000002);
#2507=CIRCLE('',#3358,0.300000000000002);
#2508=CIRCLE('',#3361,0.300000000000003);
#2509=CIRCLE('',#3362,0.300000000000003);
#2510=CIRCLE('',#3365,1.5);
#2511=CIRCLE('',#3366,1.5);
#2512=CIRCLE('',#3369,0.300000000000003);
#2513=CIRCLE('',#3370,0.300000000000003);
#2514=CIRCLE('',#3372,0.300000000000003);
#2515=CIRCLE('',#3373,0.300000000000003);
#2516=CIRCLE('',#3376,1.5);
#2517=CIRCLE('',#3377,1.5);
#2518=CIRCLE('',#3380,0.300000000000003);
#2519=CIRCLE('',#3381,0.300000000000003);
#2520=CIRCLE('',#3384,0.300000000000002);
#2521=CIRCLE('',#3385,0.300000000000002);
#2522=CIRCLE('',#3388,1.5);
#2523=CIRCLE('',#3389,1.5);
#2524=CIRCLE('',#3392,0.300000000000003);
#2525=CIRCLE('',#3393,0.300000000000003);
#2526=CIRCLE('',#3396,0.300000000000002);
#2527=CIRCLE('',#3397,0.300000000000002);
#2528=CIRCLE('',#3401,0.300000000000003);
#2529=CIRCLE('',#3402,0.300000000000003);
#2530=CIRCLE('',#3405,0.300000000000002);
#2531=CIRCLE('',#3406,0.300000000000002);
#2532=CIRCLE('',#3409,0.300000000000003);
#2533=CIRCLE('',#3410,0.300000000000003);
#2534=CIRCLE('',#3415,2.5);
#2535=CIRCLE('',#3416,2.5);
#2536=CIRCLE('',#3418,0.300000000000003);
#2537=CIRCLE('',#3419,0.300000000000003);
#2538=CIRCLE('',#3421,1.5);
#2539=CIRCLE('',#3422,1.5);
#2540=EDGE_LOOP('',(#706,#707,#708,#709));
#2541=EDGE_LOOP('',(#710,#711,#712,#713));
#2542=EDGE_LOOP('',(#714,#715,#716,#717));
#2543=EDGE_LOOP('',(#718,#719,#720,#721));
#2544=EDGE_LOOP('',(#722,#723,#724,#725));
#2545=EDGE_LOOP('',(#726,#727,#728,#729));
#2546=EDGE_LOOP('',(#730,#731,#732,#733));
#2547=EDGE_LOOP('',(#734,#735,#736,#737));
#2548=EDGE_LOOP('',(#738,#739,#740,#741));
#2549=EDGE_LOOP('',(#742,#743,#744,#745));
#2550=EDGE_LOOP('',(#746,#747,#748,#749));
#2551=EDGE_LOOP('',(#750,#751,#752,#753));
#2552=EDGE_LOOP('',(#754,#755,#756,#757));
#2553=EDGE_LOOP('',(#758,#759,#760,#761));
#2554=EDGE_LOOP('',(#762,#763,#764,#765));
#2555=EDGE_LOOP('',(#766,#767,#768,#769));
#2556=EDGE_LOOP('',(#770,#771,#772,#773));
#2557=EDGE_LOOP('',(#774,#775,#776,#777));
#2558=EDGE_LOOP('',(#778,#779,#780,#781));
#2559=EDGE_LOOP('',(#782,#783,#784,#785));
#2560=EDGE_LOOP('',(#786,#787,#788,#789));
#2561=EDGE_LOOP('',(#790,#791,#792,#793));
#2562=EDGE_LOOP('',(#794,#795,#796,#797));
#2563=EDGE_LOOP('',(#798,#799,#800,#801));
#2564=EDGE_LOOP('',(#802,#803,#804,#805));
#2565=EDGE_LOOP('',(#806,#807,#808,#809));
#2566=EDGE_LOOP('',(#810,#811,#812,#813));
#2567=EDGE_LOOP('',(#814,#815,#816,#817));
#2568=EDGE_LOOP('',(#818,#819,#820,#821));
#2569=EDGE_LOOP('',(#822,#823,#824,#825));
#2570=EDGE_LOOP('',(#826,#827,#828,#829));
#2571=EDGE_LOOP('',(#830,#831,#832,#833));
#2572=EDGE_LOOP('',(#834,#835,#836,#837));
#2573=EDGE_LOOP('',(#838,#839,#840,#841));
#2574=EDGE_LOOP('',(#842,#843,#844,#845));
#2575=EDGE_LOOP('',(#846,#847,#848,#849));
#2576=EDGE_LOOP('',(#850,#851,#852,#853));
#2577=EDGE_LOOP('',(#854,#855,#856,#857));
#2578=EDGE_LOOP('',(#858,#859,#860,#861));
#2579=EDGE_LOOP('',(#862,#863,#864,#865));
#2580=EDGE_LOOP('',(#866,#867,#868,#869));
#2581=EDGE_LOOP('',(#870,#871,#872,#873));
#2582=EDGE_LOOP('',(#874,#875,#876,#877));
#2583=EDGE_LOOP('',(#878,#879,#880,#881));
#2584=EDGE_LOOP('',(#882,#883,#884,#885));
#2585=EDGE_LOOP('',(#886,#887,#888,#889));
#2586=EDGE_LOOP('',(#890,#891,#892,#893));
#2587=EDGE_LOOP('',(#894,#895,#896,#897));
#2588=EDGE_LOOP('',(#898,#899,#900,#901));
#2589=EDGE_LOOP('',(#902,#903,#904,#905));
#2590=EDGE_LOOP('',(#906,#907,#908,#909));
#2591=EDGE_LOOP('',(#910,#911,#912,#913));
#2592=EDGE_LOOP('',(#914,#915,#916,#917));
#2593=EDGE_LOOP('',(#918,#919,#920,#921));
#2594=EDGE_LOOP('',(#922,#923,#924,#925));
#2595=EDGE_LOOP('',(#926,#927,#928,#929));
#2596=EDGE_LOOP('',(#930,#931,#932,#933));
#2597=EDGE_LOOP('',(#934,#935,#936,#937));
#2598=EDGE_LOOP('',(#938,#939,#940,#941));
#2599=EDGE_LOOP('',(#942,#943,#944,#945));
#2600=EDGE_LOOP('',(#946,#947,#948,#949));
#2601=EDGE_LOOP('',(#950,#951,#952,#953));
#2602=EDGE_LOOP('',(#954,#955,#956,#957));
#2603=EDGE_LOOP('',(#958,#959,#960,#961));
#2604=EDGE_LOOP('',(#962,#963,#964,#965));
#2605=EDGE_LOOP('',(#966,#967,#968,#969));
#2606=EDGE_LOOP('',(#970,#971,#972,#973));
#2607=EDGE_LOOP('',(#974,#975,#976,#977));
#2608=EDGE_LOOP('',(#978,#979,#980,#981));
#2609=EDGE_LOOP('',(#982,#983,#984,#985));
#2610=EDGE_LOOP('',(#986,#987,#988,#989));
#2611=EDGE_LOOP('',(#990,#991,#992,#993));
#2612=EDGE_LOOP('',(#994,#995,#996,#997));
#2613=EDGE_LOOP('',(#998,#999,#1000,#1001));
#2614=EDGE_LOOP('',(#1002,#1003,#1004,#1005));
#2615=EDGE_LOOP('',(#1006,#1007,#1008,#1009));
#2616=EDGE_LOOP('',(#1010,#1011,#1012,#1013));
#2617=EDGE_LOOP('',(#1014,#1015,#1016,#1017));
#2618=EDGE_LOOP('',(#1018,#1019,#1020,#1021));
#2619=EDGE_LOOP('',(#1022,#1023,#1024,#1025));
#2620=EDGE_LOOP('',(#1026,#1027,#1028,#1029));
#2621=EDGE_LOOP('',(#1030,#1031,#1032,#1033));
#2622=EDGE_LOOP('',(#1034,#1035,#1036,#1037));
#2623=EDGE_LOOP('',(#1038,#1039,#1040,#1041));
#2624=EDGE_LOOP('',(#1042,#1043,#1044,#1045));
#2625=EDGE_LOOP('',(#1046,#1047,#1048,#1049));
#2626=EDGE_LOOP('',(#1050,#1051,#1052,#1053));
#2627=EDGE_LOOP('',(#1054,#1055,#1056,#1057));
#2628=EDGE_LOOP('',(#1058,#1059,#1060,#1061));
#2629=EDGE_LOOP('',(#1062,#1063,#1064,#1065));
#2630=EDGE_LOOP('',(#1066,#1067,#1068,#1069));
#2631=EDGE_LOOP('',(#1070,#1071,#1072,#1073));
#2632=EDGE_LOOP('',(#1074,#1075,#1076,#1077));
#2633=EDGE_LOOP('',(#1078,#1079,#1080,#1081));
#2634=EDGE_LOOP('',(#1082,#1083,#1084,#1085));
#2635=EDGE_LOOP('',(#1086,#1087,#1088,#1089));
#2636=EDGE_LOOP('',(#1090,#1091,#1092,#1093));
#2637=EDGE_LOOP('',(#1094,#1095,#1096,#1097));
#2638=EDGE_LOOP('',(#1098,#1099,#1100,#1101));
#2639=EDGE_LOOP('',(#1102,#1103,#1104,#1105));
#2640=EDGE_LOOP('',(#1106,#1107,#1108,#1109));
#2641=EDGE_LOOP('',(#1110,#1111,#1112,#1113));
#2642=EDGE_LOOP('',(#1114,#1115,#1116,#1117));
#2643=EDGE_LOOP('',(#1118,#1119,#1120,#1121));
#2644=EDGE_LOOP('',(#1122,#1123,#1124,#1125));
#2645=EDGE_LOOP('',(#1126,#1127,#1128,#1129));
#2646=EDGE_LOOP('',(#1130,#1131,#1132,#1133));
#2647=EDGE_LOOP('',(#1134,#1135,#1136,#1137));
#2648=EDGE_LOOP('',(#1138,#1139,#1140,#1141));
#2649=EDGE_LOOP('',(#1142,#1143,#1144,#1145));
#2650=EDGE_LOOP('',(#1146,#1147,#1148,#1149));
#2651=EDGE_LOOP('',(#1150,#1151,#1152,#1153));
#2652=EDGE_LOOP('',(#1154,#1155,#1156,#1157));
#2653=EDGE_LOOP('',(#1158,#1159,#1160,#1161));
#2654=EDGE_LOOP('',(#1162,#1163,#1164,#1165));
#2655=EDGE_LOOP('',(#1166,#1167,#1168,#1169));
#2656=EDGE_LOOP('',(#1170,#1171,#1172,#1173));
#2657=EDGE_LOOP('',(#1174,#1175,#1176,#1177));
#2658=EDGE_LOOP('',(#1178,#1179,#1180,#1181));
#2659=EDGE_LOOP('',(#1182,#1183,#1184,#1185));
#2660=EDGE_LOOP('',(#1186,#1187,#1188,#1189));
#2661=EDGE_LOOP('',(#1190,#1191,#1192,#1193));
#2662=EDGE_LOOP('',(#1194,#1195,#1196,#1197));
#2663=EDGE_LOOP('',(#1198,#1199,#1200,#1201));
#2664=EDGE_LOOP('',(#1202,#1203,#1204,#1205));
#2665=EDGE_LOOP('',(#1206,#1207,#1208,#1209));
#2666=EDGE_LOOP('',(#1210,#1211,#1212,#1213));
#2667=EDGE_LOOP('',(#1214,#1215,#1216,#1217));
#2668=EDGE_LOOP('',(#1218,#1219,#1220,#1221));
#2669=EDGE_LOOP('',(#1222,#1223,#1224,#1225));
#2670=EDGE_LOOP('',(#1226,#1227,#1228,#1229));
#2671=EDGE_LOOP('',(#1230,#1231,#1232,#1233));
#2672=EDGE_LOOP('',(#1234,#1235,#1236,#1237));
#2673=EDGE_LOOP('',(#1238,#1239,#1240,#1241));
#2674=EDGE_LOOP('',(#1242,#1243,#1244,#1245));
#2675=EDGE_LOOP('',(#1246,#1247,#1248,#1249));
#2676=EDGE_LOOP('',(#1250,#1251,#1252,#1253));
#2677=EDGE_LOOP('',(#1254,#1255,#1256,#1257));
#2678=EDGE_LOOP('',(#1258,#1259,#1260,#1261));
#2679=EDGE_LOOP('',(#1262,#1263,#1264,#1265));
#2680=EDGE_LOOP('',(#1266,#1267,#1268,#1269));
#2681=EDGE_LOOP('',(#1270,#1271,#1272,#1273));
#2682=EDGE_LOOP('',(#1274,#1275,#1276,#1277));
#2683=EDGE_LOOP('',(#1278,#1279,#1280,#1281));
#2684=EDGE_LOOP('',(#1282,#1283,#1284,#1285));
#2685=EDGE_LOOP('',(#1286,#1287,#1288,#1289));
#2686=EDGE_LOOP('',(#1290,#1291,#1292,#1293));
#2687=EDGE_LOOP('',(#1294,#1295,#1296,#1297));
#2688=EDGE_LOOP('',(#1298,#1299,#1300,#1301));
#2689=EDGE_LOOP('',(#1302));
#2690=EDGE_LOOP('',(#1303));
#2691=EDGE_LOOP('',(#1304,#1305,#1306,#1307));
#2692=EDGE_LOOP('',(#1308,#1309,#1310,#1311));
#2693=EDGE_LOOP('',(#1312,#1313,#1314,#1315));
#2694=EDGE_LOOP('',(#1316,#1317,#1318,#1319,#1320,#1321,#1322,#1323));
#2695=EDGE_LOOP('',(#1324,#1325,#1326,#1327,#1328,#1329,#1330,#1331));
#2696=EDGE_LOOP('',(#1332));
#2697=EDGE_LOOP('',(#1333,#1334,#1335,#1336,#1337,#1338,#1339,#1340));
#2698=EDGE_LOOP('',(#1341,#1342,#1343,#1344,#1345,#1346,#1347,#1348));
#2699=EDGE_LOOP('',(#1349,#1350,#1351,#1352,#1353,#1354,#1355,#1356,#1357,
#1358,#1359,#1360,#1361,#1362,#1363,#1364,#1365,#1366,#1367,#1368,#1369,
#1370,#1371,#1372,#1373,#1374,#1375,#1376,#1377,#1378,#1379,#1380,#1381,
#1382,#1383,#1384,#1385,#1386,#1387,#1388,#1389,#1390,#1391,#1392,#1393,
#1394,#1395,#1396,#1397,#1398,#1399,#1400,#1401,#1402,#1403,#1404,#1405,
#1406,#1407,#1408,#1409,#1410,#1411,#1412,#1413,#1414,#1415,#1416,#1417,
#1418,#1419,#1420,#1421,#1422,#1423,#1424,#1425,#1426,#1427,#1428,#1429,
#1430,#1431,#1432,#1433,#1434,#1435,#1436,#1437,#1438,#1439,#1440,#1441,
#1442,#1443,#1444,#1445,#1446,#1447,#1448,#1449,#1450,#1451,#1452,#1453,
#1454,#1455,#1456,#1457,#1458,#1459,#1460,#1461,#1462,#1463,#1464,#1465,
#1466,#1467,#1468));
#2700=EDGE_LOOP('',(#1469,#1470,#1471,#1472,#1473,#1474,#1475,#1476));
#2701=EDGE_LOOP('',(#1477,#1478,#1479,#1480,#1481,#1482,#1483,#1484));
#2702=EDGE_LOOP('',(#1485));
#2703=EDGE_LOOP('',(#1486,#1487,#1488,#1489,#1490,#1491,#1492,#1493));
#2704=EDGE_LOOP('',(#1494,#1495,#1496,#1497,#1498,#1499,#1500,#1501));
#2705=EDGE_LOOP('',(#1502,#1503,#1504,#1505,#1506,#1507,#1508,#1509,#1510,
#1511,#1512,#1513,#1514,#1515,#1516,#1517,#1518,#1519,#1520,#1521,#1522,
#1523,#1524,#1525,#1526,#1527,#1528,#1529,#1530,#1531,#1532,#1533,#1534,
#1535,#1536,#1537,#1538,#1539,#1540,#1541,#1542,#1543,#1544,#1545,#1546,
#1547,#1548,#1549,#1550,#1551,#1552,#1553,#1554,#1555,#1556,#1557,#1558,
#1559,#1560,#1561,#1562,#1563,#1564,#1565,#1566,#1567,#1568,#1569,#1570,
#1571,#1572,#1573,#1574,#1575,#1576,#1577,#1578,#1579,#1580,#1581,#1582,
#1583,#1584,#1585,#1586,#1587,#1588,#1589,#1590,#1591,#1592,#1593,#1594,
#1595,#1596,#1597,#1598,#1599,#1600,#1601,#1602,#1603,#1604,#1605,#1606,
#1607,#1608,#1609,#1610,#1611,#1612,#1613,#1614,#1615,#1616,#1617,#1618,
#1619,#1620,#1621));
#2706=FACE_BOUND('',#2540,.T.);
#2707=FACE_BOUND('',#2541,.T.);
#2708=FACE_BOUND('',#2542,.T.);
#2709=FACE_BOUND('',#2543,.T.);
#2710=FACE_BOUND('',#2544,.T.);
#2711=FACE_BOUND('',#2545,.T.);
#2712=FACE_BOUND('',#2546,.T.);
#2713=FACE_BOUND('',#2547,.T.);
#2714=FACE_BOUND('',#2548,.T.);
#2715=FACE_BOUND('',#2549,.T.);
#2716=FACE_BOUND('',#2550,.T.);
#2717=FACE_BOUND('',#2551,.T.);
#2718=FACE_BOUND('',#2552,.T.);
#2719=FACE_BOUND('',#2553,.T.);
#2720=FACE_BOUND('',#2554,.T.);
#2721=FACE_BOUND('',#2555,.T.);
#2722=FACE_BOUND('',#2556,.T.);
#2723=FACE_BOUND('',#2557,.T.);
#2724=FACE_BOUND('',#2558,.T.);
#2725=FACE_BOUND('',#2559,.T.);
#2726=FACE_BOUND('',#2560,.T.);
#2727=FACE_BOUND('',#2561,.T.);
#2728=FACE_BOUND('',#2562,.T.);
#2729=FACE_BOUND('',#2563,.T.);
#2730=FACE_BOUND('',#2564,.T.);
#2731=FACE_BOUND('',#2565,.T.);
#2732=FACE_BOUND('',#2566,.T.);
#2733=FACE_BOUND('',#2567,.T.);
#2734=FACE_BOUND('',#2568,.T.);
#2735=FACE_BOUND('',#2569,.T.);
#2736=FACE_BOUND('',#2570,.T.);
#2737=FACE_BOUND('',#2571,.T.);
#2738=FACE_BOUND('',#2572,.T.);
#2739=FACE_BOUND('',#2573,.T.);
#2740=FACE_BOUND('',#2574,.T.);
#2741=FACE_BOUND('',#2575,.T.);
#2742=FACE_BOUND('',#2576,.T.);
#2743=FACE_BOUND('',#2577,.T.);
#2744=FACE_BOUND('',#2578,.T.);
#2745=FACE_BOUND('',#2579,.T.);
#2746=FACE_BOUND('',#2580,.T.);
#2747=FACE_BOUND('',#2581,.T.);
#2748=FACE_BOUND('',#2582,.T.);
#2749=FACE_BOUND('',#2583,.T.);
#2750=FACE_BOUND('',#2584,.T.);
#2751=FACE_BOUND('',#2585,.T.);
#2752=FACE_BOUND('',#2586,.T.);
#2753=FACE_BOUND('',#2587,.T.);
#2754=FACE_BOUND('',#2588,.T.);
#2755=FACE_BOUND('',#2589,.T.);
#2756=FACE_BOUND('',#2590,.T.);
#2757=FACE_BOUND('',#2591,.T.);
#2758=FACE_BOUND('',#2592,.T.);
#2759=FACE_BOUND('',#2593,.T.);
#2760=FACE_BOUND('',#2594,.T.);
#2761=FACE_BOUND('',#2595,.T.);
#2762=FACE_BOUND('',#2596,.T.);
#2763=FACE_BOUND('',#2597,.T.);
#2764=FACE_BOUND('',#2598,.T.);
#2765=FACE_BOUND('',#2599,.T.);
#2766=FACE_BOUND('',#2600,.T.);
#2767=FACE_BOUND('',#2601,.T.);
#2768=FACE_BOUND('',#2602,.T.);
#2769=FACE_BOUND('',#2603,.T.);
#2770=FACE_BOUND('',#2604,.T.);
#2771=FACE_BOUND('',#2605,.T.);
#2772=FACE_BOUND('',#2606,.T.);
#2773=FACE_BOUND('',#2607,.T.);
#2774=FACE_BOUND('',#2608,.T.);
#2775=FACE_BOUND('',#2609,.T.);
#2776=FACE_BOUND('',#2610,.T.);
#2777=FACE_BOUND('',#2611,.T.);
#2778=FACE_BOUND('',#2612,.T.);
#2779=FACE_BOUND('',#2613,.T.);
#2780=FACE_BOUND('',#2614,.T.);
#2781=FACE_BOUND('',#2615,.T.);
#2782=FACE_BOUND('',#2616,.T.);
#2783=FACE_BOUND('',#2617,.T.);
#2784=FACE_BOUND('',#2618,.T.);
#2785=FACE_BOUND('',#2619,.T.);
#2786=FACE_BOUND('',#2620,.T.);
#2787=FACE_BOUND('',#2621,.T.);
#2788=FACE_BOUND('',#2622,.T.);
#2789=FACE_BOUND('',#2623,.T.);
#2790=FACE_BOUND('',#2624,.T.);
#2791=FACE_BOUND('',#2625,.T.);
#2792=FACE_BOUND('',#2626,.T.);
#2793=FACE_BOUND('',#2627,.T.);
#2794=FACE_BOUND('',#2628,.T.);
#2795=FACE_BOUND('',#2629,.T.);
#2796=FACE_BOUND('',#2630,.T.);
#2797=FACE_BOUND('',#2631,.T.);
#2798=FACE_BOUND('',#2632,.T.);
#2799=FACE_BOUND('',#2633,.T.);
#2800=FACE_BOUND('',#2634,.T.);
#2801=FACE_BOUND('',#2635,.T.);
#2802=FACE_BOUND('',#2636,.T.);
#2803=FACE_BOUND('',#2637,.T.);
#2804=FACE_BOUND('',#2638,.T.);
#2805=FACE_BOUND('',#2639,.T.);
#2806=FACE_BOUND('',#2640,.T.);
#2807=FACE_BOUND('',#2641,.T.);
#2808=FACE_BOUND('',#2642,.T.);
#2809=FACE_BOUND('',#2643,.T.);
#2810=FACE_BOUND('',#2644,.T.);
#2811=FACE_BOUND('',#2645,.T.);
#2812=FACE_BOUND('',#2646,.T.);
#2813=FACE_BOUND('',#2647,.T.);
#2814=FACE_BOUND('',#2648,.T.);
#2815=FACE_BOUND('',#2649,.T.);
#2816=FACE_BOUND('',#2650,.T.);
#2817=FACE_BOUND('',#2651,.T.);
#2818=FACE_BOUND('',#2652,.T.);
#2819=FACE_BOUND('',#2653,.T.);
#2820=FACE_BOUND('',#2654,.T.);
#2821=FACE_BOUND('',#2655,.T.);
#2822=FACE_BOUND('',#2656,.T.);
#2823=FACE_BOUND('',#2657,.T.);
#2824=FACE_BOUND('',#2658,.T.);
#2825=FACE_BOUND('',#2659,.T.);
#2826=FACE_BOUND('',#2660,.T.);
#2827=FACE_BOUND('',#2661,.T.);
#2828=FACE_BOUND('',#2662,.T.);
#2829=FACE_BOUND('',#2663,.T.);
#2830=FACE_BOUND('',#2664,.T.);
#2831=FACE_BOUND('',#2665,.T.);
#2832=FACE_BOUND('',#2666,.T.);
#2833=FACE_BOUND('',#2667,.T.);
#2834=FACE_BOUND('',#2668,.T.);
#2835=FACE_BOUND('',#2669,.T.);
#2836=FACE_BOUND('',#2670,.T.);
#2837=FACE_BOUND('',#2671,.T.);
#2838=FACE_BOUND('',#2672,.T.);
#2839=FACE_BOUND('',#2673,.T.);
#2840=FACE_BOUND('',#2674,.T.);
#2841=FACE_BOUND('',#2675,.T.);
#2842=FACE_BOUND('',#2676,.T.);
#2843=FACE_BOUND('',#2677,.T.);
#2844=FACE_BOUND('',#2678,.T.);
#2845=FACE_BOUND('',#2679,.T.);
#2846=FACE_BOUND('',#2680,.T.);
#2847=FACE_BOUND('',#2681,.T.);
#2848=FACE_BOUND('',#2682,.T.);
#2849=FACE_BOUND('',#2683,.T.);
#2850=FACE_BOUND('',#2684,.T.);
#2851=FACE_BOUND('',#2685,.T.);
#2852=FACE_BOUND('',#2686,.T.);
#2853=FACE_BOUND('',#2687,.T.);
#2854=FACE_BOUND('',#2688,.T.);
#2855=FACE_BOUND('',#2689,.T.);
#2856=FACE_BOUND('',#2690,.T.);
#2857=FACE_BOUND('',#2691,.T.);
#2858=FACE_BOUND('',#2692,.T.);
#2859=FACE_BOUND('',#2693,.T.);
#2860=FACE_BOUND('',#2694,.T.);
#2861=FACE_BOUND('',#2695,.T.);
#2862=FACE_BOUND('',#2696,.T.);
#2863=FACE_BOUND('',#2697,.T.);
#2864=FACE_BOUND('',#2698,.T.);
#2865=FACE_BOUND('',#2699,.T.);
#2866=FACE_BOUND('',#2700,.T.);
#2867=FACE_BOUND('',#2701,.T.);
#2868=FACE_BOUND('',#2702,.T.);
#2869=FACE_BOUND('',#2703,.T.);
#2870=FACE_BOUND('',#2704,.T.);
#2871=FACE_BOUND('',#2705,.T.);
#2872=CYLINDRICAL_SURFACE('',#3117,0.999999999999997);
#2873=CYLINDRICAL_SURFACE('',#3121,3.);
#2874=CYLINDRICAL_SURFACE('',#3125,0.999999999999997);
#2875=CYLINDRICAL_SURFACE('',#3129,0.999999999999998);
#2876=CYLINDRICAL_SURFACE('',#3133,0.300000000000003);
#2877=CYLINDRICAL_SURFACE('',#3137,0.300000000000004);
#2878=CYLINDRICAL_SURFACE('',#3141,1.);
#2879=CYLINDRICAL_SURFACE('',#3145,2.99999999999999);
#2880=CYLINDRICAL_SURFACE('',#3149,3.);
#2881=CYLINDRICAL_SURFACE('',#3153,3.00000000000001);
#2882=CYLINDRICAL_SURFACE('',#3157,2.99999999999999);
#2883=CYLINDRICAL_SURFACE('',#3161,1.);
#2884=CYLINDRICAL_SURFACE('',#3165,0.3);
#2885=CYLINDRICAL_SURFACE('',#3169,0.300000000000004);
#2886=CYLINDRICAL_SURFACE('',#3173,0.999999999999999);
#2887=CYLINDRICAL_SURFACE('',#3177,0.999999999999997);
#2888=CYLINDRICAL_SURFACE('',#3181,3.);
#2889=CYLINDRICAL_SURFACE('',#3185,0.999999999999997);
#2890=CYLINDRICAL_SURFACE('',#3189,1.);
#2891=CYLINDRICAL_SURFACE('',#3193,0.300000000000003);
#2892=CYLINDRICAL_SURFACE('',#3197,0.300000000000003);
#2893=CYLINDRICAL_SURFACE('',#3201,1.);
#2894=CYLINDRICAL_SURFACE('',#3205,3.);
#2895=CYLINDRICAL_SURFACE('',#3209,3.);
#2896=CYLINDRICAL_SURFACE('',#3213,3.);
#2897=CYLINDRICAL_SURFACE('',#3217,3.);
#2898=CYLINDRICAL_SURFACE('',#3221,1.);
#2899=CYLINDRICAL_SURFACE('',#3225,0.299999999999998);
#2900=CYLINDRICAL_SURFACE('',#3229,0.300000000000003);
#2901=CYLINDRICAL_SURFACE('',#3233,1.);
#2902=CYLINDRICAL_SURFACE('',#3237,0.999999999999997);
#2903=CYLINDRICAL_SURFACE('',#3241,3.);
#2904=CYLINDRICAL_SURFACE('',#3245,0.999999999999997);
#2905=CYLINDRICAL_SURFACE('',#3249,0.999999999999998);
#2906=CYLINDRICAL_SURFACE('',#3253,0.300000000000003);
#2907=CYLINDRICAL_SURFACE('',#3257,0.300000000000004);
#2908=CYLINDRICAL_SURFACE('',#3261,1.);
#2909=CYLINDRICAL_SURFACE('',#3265,3.);
#2910=CYLINDRICAL_SURFACE('',#3269,3.);
#2911=CYLINDRICAL_SURFACE('',#3273,3.00000000000001);
#2912=CYLINDRICAL_SURFACE('',#3277,3.);
#2913=CYLINDRICAL_SURFACE('',#3281,1.);
#2914=CYLINDRICAL_SURFACE('',#3285,0.299999999999996);
#2915=CYLINDRICAL_SURFACE('',#3289,0.300000000000004);
#2916=CYLINDRICAL_SURFACE('',#3293,0.999999999999999);
#2917=CYLINDRICAL_SURFACE('',#3297,0.999999999999997);
#2918=CYLINDRICAL_SURFACE('',#3301,3.);
#2919=CYLINDRICAL_SURFACE('',#3305,0.999999999999997);
#2920=CYLINDRICAL_SURFACE('',#3309,0.999999999999999);
#2921=CYLINDRICAL_SURFACE('',#3313,0.300000000000003);
#2922=CYLINDRICAL_SURFACE('',#3317,0.300000000000003);
#2923=CYLINDRICAL_SURFACE('',#3321,1.);
#2924=CYLINDRICAL_SURFACE('',#3325,2.99999999999999);
#2925=CYLINDRICAL_SURFACE('',#3329,2.99999999999999);
#2926=CYLINDRICAL_SURFACE('',#3333,3.00000000000001);
#2927=CYLINDRICAL_SURFACE('',#3337,2.99999999999999);
#2928=CYLINDRICAL_SURFACE('',#3341,1.);
#2929=CYLINDRICAL_SURFACE('',#3345,0.299999999999998);
#2930=CYLINDRICAL_SURFACE('',#3349,0.300000000000003);
#2931=CYLINDRICAL_SURFACE('',#3353,1.);
#2932=CYLINDRICAL_SURFACE('',#3356,0.300000000000002);
#2933=CYLINDRICAL_SURFACE('',#3360,0.300000000000003);
#2934=CYLINDRICAL_SURFACE('',#3364,1.5);
#2935=CYLINDRICAL_SURFACE('',#3368,0.300000000000003);
#2936=CYLINDRICAL_SURFACE('',#3371,0.300000000000003);
#2937=CYLINDRICAL_SURFACE('',#3375,1.5);
#2938=CYLINDRICAL_SURFACE('',#3379,0.300000000000003);
#2939=CYLINDRICAL_SURFACE('',#3383,0.300000000000002);
#2940=CYLINDRICAL_SURFACE('',#3387,1.5);
#2941=CYLINDRICAL_SURFACE('',#3391,0.300000000000003);
#2942=CYLINDRICAL_SURFACE('',#3395,0.300000000000002);
#2943=CYLINDRICAL_SURFACE('',#3400,0.300000000000003);
#2944=CYLINDRICAL_SURFACE('',#3404,0.300000000000002);
#2945=CYLINDRICAL_SURFACE('',#3408,0.300000000000003);
#2946=CYLINDRICAL_SURFACE('',#3414,2.5);
#2947=CYLINDRICAL_SURFACE('',#3417,0.300000000000003);
#2948=CYLINDRICAL_SURFACE('',#3420,1.5);
#2949=ADVANCED_FACE('',(#2706),#2872,.T.);
#2950=ADVANCED_FACE('',(#2707),#20,.T.);
#2951=ADVANCED_FACE('',(#2708),#2873,.T.);
#2952=ADVANCED_FACE('',(#2709),#21,.T.);
#2953=ADVANCED_FACE('',(#2710),#2874,.T.);
#2954=ADVANCED_FACE('',(#2711),#22,.T.);
#2955=ADVANCED_FACE('',(#2712),#2875,.T.);
#2956=ADVANCED_FACE('',(#2713),#23,.T.);
#2957=ADVANCED_FACE('',(#2714),#2876,.T.);
#2958=ADVANCED_FACE('',(#2715),#24,.T.);
#2959=ADVANCED_FACE('',(#2716),#2877,.F.);
#2960=ADVANCED_FACE('',(#2717),#25,.T.);
#2961=ADVANCED_FACE('',(#2718),#2878,.F.);
#2962=ADVANCED_FACE('',(#2719),#26,.T.);
#2963=ADVANCED_FACE('',(#2720),#2879,.F.);
#2964=ADVANCED_FACE('',(#2721),#27,.T.);
#2965=ADVANCED_FACE('',(#2722),#2880,.F.);
#2966=ADVANCED_FACE('',(#2723),#28,.T.);
#2967=ADVANCED_FACE('',(#2724),#2881,.F.);
#2968=ADVANCED_FACE('',(#2725),#29,.T.);
#2969=ADVANCED_FACE('',(#2726),#2882,.F.);
#2970=ADVANCED_FACE('',(#2727),#30,.T.);
#2971=ADVANCED_FACE('',(#2728),#2883,.F.);
#2972=ADVANCED_FACE('',(#2729),#31,.T.);
#2973=ADVANCED_FACE('',(#2730),#2884,.F.);
#2974=ADVANCED_FACE('',(#2731),#32,.T.);
#2975=ADVANCED_FACE('',(#2732),#2885,.T.);
#2976=ADVANCED_FACE('',(#2733),#33,.T.);
#2977=ADVANCED_FACE('',(#2734),#2886,.T.);
#2978=ADVANCED_FACE('',(#2735),#34,.T.);
#2979=ADVANCED_FACE('',(#2736),#2887,.T.);
#2980=ADVANCED_FACE('',(#2737),#35,.T.);
#2981=ADVANCED_FACE('',(#2738),#2888,.T.);
#2982=ADVANCED_FACE('',(#2739),#36,.T.);
#2983=ADVANCED_FACE('',(#2740),#2889,.T.);
#2984=ADVANCED_FACE('',(#2741),#37,.T.);
#2985=ADVANCED_FACE('',(#2742),#2890,.T.);
#2986=ADVANCED_FACE('',(#2743),#38,.T.);
#2987=ADVANCED_FACE('',(#2744),#2891,.T.);
#2988=ADVANCED_FACE('',(#2745),#39,.T.);
#2989=ADVANCED_FACE('',(#2746),#2892,.F.);
#2990=ADVANCED_FACE('',(#2747),#40,.T.);
#2991=ADVANCED_FACE('',(#2748),#2893,.F.);
#2992=ADVANCED_FACE('',(#2749),#41,.T.);
#2993=ADVANCED_FACE('',(#2750),#2894,.F.);
#2994=ADVANCED_FACE('',(#2751),#42,.T.);
#2995=ADVANCED_FACE('',(#2752),#2895,.F.);
#2996=ADVANCED_FACE('',(#2753),#43,.T.);
#2997=ADVANCED_FACE('',(#2754),#2896,.F.);
#2998=ADVANCED_FACE('',(#2755),#44,.T.);
#2999=ADVANCED_FACE('',(#2756),#2897,.F.);
#3000=ADVANCED_FACE('',(#2757),#45,.T.);
#3001=ADVANCED_FACE('',(#2758),#2898,.F.);
#3002=ADVANCED_FACE('',(#2759),#46,.T.);
#3003=ADVANCED_FACE('',(#2760),#2899,.F.);
#3004=ADVANCED_FACE('',(#2761),#47,.T.);
#3005=ADVANCED_FACE('',(#2762),#2900,.T.);
#3006=ADVANCED_FACE('',(#2763),#48,.T.);
#3007=ADVANCED_FACE('',(#2764),#2901,.T.);
#3008=ADVANCED_FACE('',(#2765),#49,.T.);
#3009=ADVANCED_FACE('',(#2766),#2902,.T.);
#3010=ADVANCED_FACE('',(#2767),#50,.T.);
#3011=ADVANCED_FACE('',(#2768),#2903,.T.);
#3012=ADVANCED_FACE('',(#2769),#51,.T.);
#3013=ADVANCED_FACE('',(#2770),#2904,.T.);
#3014=ADVANCED_FACE('',(#2771),#52,.T.);
#3015=ADVANCED_FACE('',(#2772),#2905,.T.);
#3016=ADVANCED_FACE('',(#2773),#53,.T.);
#3017=ADVANCED_FACE('',(#2774),#2906,.T.);
#3018=ADVANCED_FACE('',(#2775),#54,.T.);
#3019=ADVANCED_FACE('',(#2776),#2907,.F.);
#3020=ADVANCED_FACE('',(#2777),#55,.T.);
#3021=ADVANCED_FACE('',(#2778),#2908,.F.);
#3022=ADVANCED_FACE('',(#2779),#56,.T.);
#3023=ADVANCED_FACE('',(#2780),#2909,.F.);
#3024=ADVANCED_FACE('',(#2781),#57,.T.);
#3025=ADVANCED_FACE('',(#2782),#2910,.F.);
#3026=ADVANCED_FACE('',(#2783),#58,.T.);
#3027=ADVANCED_FACE('',(#2784),#2911,.F.);
#3028=ADVANCED_FACE('',(#2785),#59,.T.);
#3029=ADVANCED_FACE('',(#2786),#2912,.F.);
#3030=ADVANCED_FACE('',(#2787),#60,.T.);
#3031=ADVANCED_FACE('',(#2788),#2913,.F.);
#3032=ADVANCED_FACE('',(#2789),#61,.T.);
#3033=ADVANCED_FACE('',(#2790),#2914,.F.);
#3034=ADVANCED_FACE('',(#2791),#62,.T.);
#3035=ADVANCED_FACE('',(#2792),#2915,.T.);
#3036=ADVANCED_FACE('',(#2793),#63,.T.);
#3037=ADVANCED_FACE('',(#2794),#2916,.T.);
#3038=ADVANCED_FACE('',(#2795),#64,.T.);
#3039=ADVANCED_FACE('',(#2796),#2917,.T.);
#3040=ADVANCED_FACE('',(#2797),#65,.T.);
#3041=ADVANCED_FACE('',(#2798),#2918,.T.);
#3042=ADVANCED_FACE('',(#2799),#66,.T.);
#3043=ADVANCED_FACE('',(#2800),#2919,.T.);
#3044=ADVANCED_FACE('',(#2801),#67,.T.);
#3045=ADVANCED_FACE('',(#2802),#2920,.T.);
#3046=ADVANCED_FACE('',(#2803),#68,.T.);
#3047=ADVANCED_FACE('',(#2804),#2921,.T.);
#3048=ADVANCED_FACE('',(#2805),#69,.T.);
#3049=ADVANCED_FACE('',(#2806),#2922,.F.);
#3050=ADVANCED_FACE('',(#2807),#70,.T.);
#3051=ADVANCED_FACE('',(#2808),#2923,.F.);
#3052=ADVANCED_FACE('',(#2809),#71,.T.);
#3053=ADVANCED_FACE('',(#2810),#2924,.F.);
#3054=ADVANCED_FACE('',(#2811),#72,.T.);
#3055=ADVANCED_FACE('',(#2812),#2925,.F.);
#3056=ADVANCED_FACE('',(#2813),#73,.T.);
#3057=ADVANCED_FACE('',(#2814),#2926,.F.);
#3058=ADVANCED_FACE('',(#2815),#74,.T.);
#3059=ADVANCED_FACE('',(#2816),#2927,.F.);
#3060=ADVANCED_FACE('',(#2817),#75,.T.);
#3061=ADVANCED_FACE('',(#2818),#2928,.F.);
#3062=ADVANCED_FACE('',(#2819),#76,.T.);
#3063=ADVANCED_FACE('',(#2820),#2929,.F.);
#3064=ADVANCED_FACE('',(#2821),#77,.T.);
#3065=ADVANCED_FACE('',(#2822),#2930,.T.);
#3066=ADVANCED_FACE('',(#2823),#78,.T.);
#3067=ADVANCED_FACE('',(#2824),#2931,.T.);
#3068=ADVANCED_FACE('',(#2825),#2932,.F.);
#3069=ADVANCED_FACE('',(#2826),#79,.F.);
#3070=ADVANCED_FACE('',(#2827),#2933,.F.);
#3071=ADVANCED_FACE('',(#2828),#80,.F.);
#3072=ADVANCED_FACE('',(#2829),#2934,.F.);
#3073=ADVANCED_FACE('',(#2830),#81,.F.);
#3074=ADVANCED_FACE('',(#2831),#2935,.F.);
#3075=ADVANCED_FACE('',(#2832),#2936,.F.);
#3076=ADVANCED_FACE('',(#2833),#82,.F.);
#3077=ADVANCED_FACE('',(#2834),#2937,.F.);
#3078=ADVANCED_FACE('',(#2835),#83,.F.);
#3079=ADVANCED_FACE('',(#2836),#2938,.F.);
#3080=ADVANCED_FACE('',(#2837),#84,.F.);
#3081=ADVANCED_FACE('',(#2838),#2939,.F.);
#3082=ADVANCED_FACE('',(#2839),#85,.F.);
#3083=ADVANCED_FACE('',(#2840),#2940,.F.);
#3084=ADVANCED_FACE('',(#2841),#86,.F.);
#3085=ADVANCED_FACE('',(#2842),#2941,.F.);
#3086=ADVANCED_FACE('',(#2843),#87,.F.);
#3087=ADVANCED_FACE('',(#2844),#2942,.F.);
#3088=ADVANCED_FACE('',(#2845),#88,.F.);
#3089=ADVANCED_FACE('',(#2846),#89,.F.);
#3090=ADVANCED_FACE('',(#2847),#2943,.F.);
#3091=ADVANCED_FACE('',(#2848),#90,.F.);
#3092=ADVANCED_FACE('',(#2849),#2944,.F.);
#3093=ADVANCED_FACE('',(#2850),#91,.F.);
#3094=ADVANCED_FACE('',(#2851),#2945,.F.);
#3095=ADVANCED_FACE('',(#2852),#92,.F.);
#3096=ADVANCED_FACE('',(#2853),#93,.F.);
#3097=ADVANCED_FACE('',(#2854),#94,.F.);
#3098=ADVANCED_FACE('',(#2855,#2856),#2946,.F.);
#3099=ADVANCED_FACE('',(#2857),#2947,.F.);
#3100=ADVANCED_FACE('',(#2858),#2948,.F.);
#3101=ADVANCED_FACE('',(#2859),#95,.T.);
#3102=ADVANCED_FACE('',(#2860,#2861,#2862,#2863,#2864,#2865),#96,.F.);
#3103=ADVANCED_FACE('',(#2866,#2867,#2868,#2869,#2870,#2871),#97,.T.);
#3104=CLOSED_SHELL('',(#2949,#2950,#2951,#2952,#2953,#2954,#2955,#2956,
#2957,#2958,#2959,#2960,#2961,#2962,#2963,#2964,#2965,#2966,#2967,#2968,
#2969,#2970,#2971,#2972,#2973,#2974,#2975,#2976,#2977,#2978,#2979,#2980,
#2981,#2982,#2983,#2984,#2985,#2986,#2987,#2988,#2989,#2990,#2991,#2992,
#2993,#2994,#2995,#2996,#2997,#2998,#2999,#3000,#3001,#3002,#3003,#3004,
#3005,#3006,#3007,#3008,#3009,#3010,#3011,#3012,#3013,#3014,#3015,#3016,
#3017,#3018,#3019,#3020,#3021,#3022,#3023,#3024,#3025,#3026,#3027,#3028,
#3029,#3030,#3031,#3032,#3033,#3034,#3035,#3036,#3037,#3038,#3039,#3040,
#3041,#3042,#3043,#3044,#3045,#3046,#3047,#3048,#3049,#3050,#3051,#3052,
#3053,#3054,#3055,#3056,#3057,#3058,#3059,#3060,#3061,#3062,#3063,#3064,
#3065,#3066,#3067,#3068,#3069,#3070,#3071,#3072,#3073,#3074,#3075,#3076,
#3077,#3078,#3079,#3080,#3081,#3082,#3083,#3084,#3085,#3086,#3087,#3088,
#3089,#3090,#3091,#3092,#3093,#3094,#3095,#3096,#3097,#3098,#3099,#3100,
#3101,#3102,#3103));
#3105=STYLED_ITEM('',(#3106),#3113);
#3106=PRESENTATION_STYLE_ASSIGNMENT((#3107));
#3107=SURFACE_STYLE_USAGE(.BOTH.,#3108);
#3108=SURFACE_SIDE_STYLE('',(#3109));
#3109=SURFACE_STYLE_FILL_AREA(#3110);
#3110=FILL_AREA_STYLE('',(#3111));
#3111=FILL_AREA_STYLE_COLOUR('',#3112);
#3112=COLOUR_RGB('',0.749019622802734,0.749019622802734,0.749019622802734);
#3113=MANIFOLD_SOLID_BREP('Aluminum Profile GN 10i-30306L-N-2-4',#3104);
#3114=SHAPE_DEFINITION_REPRESENTATION(#5276,#3115);
#3115=SHAPE_REPRESENTATION('Aluminum Profile GN 10i-30306L-N-2-4',(#3116),
#5271);
#3116=AXIS2_PLACEMENT_3D('',#4350,#3426,#3427);
#3117=AXIS2_PLACEMENT_3D('',#4351,#3428,#3429);
#3118=AXIS2_PLACEMENT_3D('',#4352,#3430,#3431);
#3119=AXIS2_PLACEMENT_3D('',#4357,#3433,#3434);
#3120=AXIS2_PLACEMENT_3D('',#4360,#3436,#3437);
#3121=AXIS2_PLACEMENT_3D('',#4366,#3441,#3442);
#3122=AXIS2_PLACEMENT_3D('',#4367,#3443,#3444);
#3123=AXIS2_PLACEMENT_3D('',#4369,#3445,#3446);
#3124=AXIS2_PLACEMENT_3D('',#4372,#3448,#3449);
#3125=AXIS2_PLACEMENT_3D('',#4378,#3453,#3454);
#3126=AXIS2_PLACEMENT_3D('',#4379,#3455,#3456);
#3127=AXIS2_PLACEMENT_3D('',#4381,#3457,#3458);
#3128=AXIS2_PLACEMENT_3D('',#4384,#3460,#3461);
#3129=AXIS2_PLACEMENT_3D('',#4390,#3465,#3466);
#3130=AXIS2_PLACEMENT_3D('',#4391,#3467,#3468);
#3131=AXIS2_PLACEMENT_3D('',#4393,#3469,#3470);
#3132=AXIS2_PLACEMENT_3D('',#4396,#3472,#3473);
#3133=AXIS2_PLACEMENT_3D('',#4402,#3477,#3478);
#3134=AXIS2_PLACEMENT_3D('',#4403,#3479,#3480);
#3135=AXIS2_PLACEMENT_3D('',#4405,#3481,#3482);
#3136=AXIS2_PLACEMENT_3D('',#4408,#3484,#3485);
#3137=AXIS2_PLACEMENT_3D('',#4414,#3489,#3490);
#3138=AXIS2_PLACEMENT_3D('',#4415,#3491,#3492);
#3139=AXIS2_PLACEMENT_3D('',#4417,#3493,#3494);
#3140=AXIS2_PLACEMENT_3D('',#4420,#3496,#3497);
#3141=AXIS2_PLACEMENT_3D('',#4426,#3501,#3502);
#3142=AXIS2_PLACEMENT_3D('',#4427,#3503,#3504);
#3143=AXIS2_PLACEMENT_3D('',#4429,#3505,#3506);
#3144=AXIS2_PLACEMENT_3D('',#4432,#3508,#3509);
#3145=AXIS2_PLACEMENT_3D('',#4438,#3513,#3514);
#3146=AXIS2_PLACEMENT_3D('',#4439,#3515,#3516);
#3147=AXIS2_PLACEMENT_3D('',#4441,#3517,#3518);
#3148=AXIS2_PLACEMENT_3D('',#4444,#3520,#3521);
#3149=AXIS2_PLACEMENT_3D('',#4450,#3525,#3526);
#3150=AXIS2_PLACEMENT_3D('',#4451,#3527,#3528);
#3151=AXIS2_PLACEMENT_3D('',#4453,#3529,#3530);
#3152=AXIS2_PLACEMENT_3D('',#4456,#3532,#3533);
#3153=AXIS2_PLACEMENT_3D('',#4462,#3537,#3538);
#3154=AXIS2_PLACEMENT_3D('',#4463,#3539,#3540);
#3155=AXIS2_PLACEMENT_3D('',#4465,#3541,#3542);
#3156=AXIS2_PLACEMENT_3D('',#4468,#3544,#3545);
#3157=AXIS2_PLACEMENT_3D('',#4474,#3549,#3550);
#3158=AXIS2_PLACEMENT_3D('',#4475,#3551,#3552);
#3159=AXIS2_PLACEMENT_3D('',#4477,#3553,#3554);
#3160=AXIS2_PLACEMENT_3D('',#4480,#3556,#3557);
#3161=AXIS2_PLACEMENT_3D('',#4486,#3561,#3562);
#3162=AXIS2_PLACEMENT_3D('',#4487,#3563,#3564);
#3163=AXIS2_PLACEMENT_3D('',#4489,#3565,#3566);
#3164=AXIS2_PLACEMENT_3D('',#4492,#3568,#3569);
#3165=AXIS2_PLACEMENT_3D('',#4498,#3573,#3574);
#3166=AXIS2_PLACEMENT_3D('',#4499,#3575,#3576);
#3167=AXIS2_PLACEMENT_3D('',#4501,#3577,#3578);
#3168=AXIS2_PLACEMENT_3D('',#4504,#3580,#3581);
#3169=AXIS2_PLACEMENT_3D('',#4510,#3585,#3586);
#3170=AXIS2_PLACEMENT_3D('',#4511,#3587,#3588);
#3171=AXIS2_PLACEMENT_3D('',#4513,#3589,#3590);
#3172=AXIS2_PLACEMENT_3D('',#4516,#3592,#3593);
#3173=AXIS2_PLACEMENT_3D('',#4522,#3597,#3598);
#3174=AXIS2_PLACEMENT_3D('',#4523,#3599,#3600);
#3175=AXIS2_PLACEMENT_3D('',#4525,#3601,#3602);
#3176=AXIS2_PLACEMENT_3D('',#4528,#3604,#3605);
#3177=AXIS2_PLACEMENT_3D('',#4534,#3609,#3610);
#3178=AXIS2_PLACEMENT_3D('',#4535,#3611,#3612);
#3179=AXIS2_PLACEMENT_3D('',#4537,#3613,#3614);
#3180=AXIS2_PLACEMENT_3D('',#4540,#3616,#3617);
#3181=AXIS2_PLACEMENT_3D('',#4546,#3621,#3622);
#3182=AXIS2_PLACEMENT_3D('',#4547,#3623,#3624);
#3183=AXIS2_PLACEMENT_3D('',#4549,#3625,#3626);
#3184=AXIS2_PLACEMENT_3D('',#4552,#3628,#3629);
#3185=AXIS2_PLACEMENT_3D('',#4558,#3633,#3634);
#3186=AXIS2_PLACEMENT_3D('',#4559,#3635,#3636);
#3187=AXIS2_PLACEMENT_3D('',#4561,#3637,#3638);
#3188=AXIS2_PLACEMENT_3D('',#4564,#3640,#3641);
#3189=AXIS2_PLACEMENT_3D('',#4570,#3645,#3646);
#3190=AXIS2_PLACEMENT_3D('',#4571,#3647,#3648);
#3191=AXIS2_PLACEMENT_3D('',#4573,#3649,#3650);
#3192=AXIS2_PLACEMENT_3D('',#4576,#3652,#3653);
#3193=AXIS2_PLACEMENT_3D('',#4582,#3657,#3658);
#3194=AXIS2_PLACEMENT_3D('',#4583,#3659,#3660);
#3195=AXIS2_PLACEMENT_3D('',#4585,#3661,#3662);
#3196=AXIS2_PLACEMENT_3D('',#4588,#3664,#3665);
#3197=AXIS2_PLACEMENT_3D('',#4594,#3669,#3670);
#3198=AXIS2_PLACEMENT_3D('',#4595,#3671,#3672);
#3199=AXIS2_PLACEMENT_3D('',#4597,#3673,#3674);
#3200=AXIS2_PLACEMENT_3D('',#4600,#3676,#3677);
#3201=AXIS2_PLACEMENT_3D('',#4606,#3681,#3682);
#3202=AXIS2_PLACEMENT_3D('',#4607,#3683,#3684);
#3203=AXIS2_PLACEMENT_3D('',#4609,#3685,#3686);
#3204=AXIS2_PLACEMENT_3D('',#4612,#3688,#3689);
#3205=AXIS2_PLACEMENT_3D('',#4618,#3693,#3694);
#3206=AXIS2_PLACEMENT_3D('',#4619,#3695,#3696);
#3207=AXIS2_PLACEMENT_3D('',#4621,#3697,#3698);
#3208=AXIS2_PLACEMENT_3D('',#4624,#3700,#3701);
#3209=AXIS2_PLACEMENT_3D('',#4630,#3705,#3706);
#3210=AXIS2_PLACEMENT_3D('',#4631,#3707,#3708);
#3211=AXIS2_PLACEMENT_3D('',#4633,#3709,#3710);
#3212=AXIS2_PLACEMENT_3D('',#4636,#3712,#3713);
#3213=AXIS2_PLACEMENT_3D('',#4642,#3717,#3718);
#3214=AXIS2_PLACEMENT_3D('',#4643,#3719,#3720);
#3215=AXIS2_PLACEMENT_3D('',#4645,#3721,#3722);
#3216=AXIS2_PLACEMENT_3D('',#4648,#3724,#3725);
#3217=AXIS2_PLACEMENT_3D('',#4654,#3729,#3730);
#3218=AXIS2_PLACEMENT_3D('',#4655,#3731,#3732);
#3219=AXIS2_PLACEMENT_3D('',#4657,#3733,#3734);
#3220=AXIS2_PLACEMENT_3D('',#4660,#3736,#3737);
#3221=AXIS2_PLACEMENT_3D('',#4666,#3741,#3742);
#3222=AXIS2_PLACEMENT_3D('',#4667,#3743,#3744);
#3223=AXIS2_PLACEMENT_3D('',#4669,#3745,#3746);
#3224=AXIS2_PLACEMENT_3D('',#4672,#3748,#3749);
#3225=AXIS2_PLACEMENT_3D('',#4678,#3753,#3754);
#3226=AXIS2_PLACEMENT_3D('',#4679,#3755,#3756);
#3227=AXIS2_PLACEMENT_3D('',#4681,#3757,#3758);
#3228=AXIS2_PLACEMENT_3D('',#4684,#3760,#3761);
#3229=AXIS2_PLACEMENT_3D('',#4690,#3765,#3766);
#3230=AXIS2_PLACEMENT_3D('',#4691,#3767,#3768);
#3231=AXIS2_PLACEMENT_3D('',#4693,#3769,#3770);
#3232=AXIS2_PLACEMENT_3D('',#4696,#3772,#3773);
#3233=AXIS2_PLACEMENT_3D('',#4702,#3777,#3778);
#3234=AXIS2_PLACEMENT_3D('',#4703,#3779,#3780);
#3235=AXIS2_PLACEMENT_3D('',#4705,#3781,#3782);
#3236=AXIS2_PLACEMENT_3D('',#4708,#3784,#3785);
#3237=AXIS2_PLACEMENT_3D('',#4714,#3789,#3790);
#3238=AXIS2_PLACEMENT_3D('',#4715,#3791,#3792);
#3239=AXIS2_PLACEMENT_3D('',#4717,#3793,#3794);
#3240=AXIS2_PLACEMENT_3D('',#4720,#3796,#3797);
#3241=AXIS2_PLACEMENT_3D('',#4726,#3801,#3802);
#3242=AXIS2_PLACEMENT_3D('',#4727,#3803,#3804);
#3243=AXIS2_PLACEMENT_3D('',#4729,#3805,#3806);
#3244=AXIS2_PLACEMENT_3D('',#4732,#3808,#3809);
#3245=AXIS2_PLACEMENT_3D('',#4738,#3813,#3814);
#3246=AXIS2_PLACEMENT_3D('',#4739,#3815,#3816);
#3247=AXIS2_PLACEMENT_3D('',#4741,#3817,#3818);
#3248=AXIS2_PLACEMENT_3D('',#4744,#3820,#3821);
#3249=AXIS2_PLACEMENT_3D('',#4750,#3825,#3826);
#3250=AXIS2_PLACEMENT_3D('',#4751,#3827,#3828);
#3251=AXIS2_PLACEMENT_3D('',#4753,#3829,#3830);
#3252=AXIS2_PLACEMENT_3D('',#4756,#3832,#3833);
#3253=AXIS2_PLACEMENT_3D('',#4762,#3837,#3838);
#3254=AXIS2_PLACEMENT_3D('',#4763,#3839,#3840);
#3255=AXIS2_PLACEMENT_3D('',#4765,#3841,#3842);
#3256=AXIS2_PLACEMENT_3D('',#4768,#3844,#3845);
#3257=AXIS2_PLACEMENT_3D('',#4774,#3849,#3850);
#3258=AXIS2_PLACEMENT_3D('',#4775,#3851,#3852);
#3259=AXIS2_PLACEMENT_3D('',#4777,#3853,#3854);
#3260=AXIS2_PLACEMENT_3D('',#4780,#3856,#3857);
#3261=AXIS2_PLACEMENT_3D('',#4786,#3861,#3862);
#3262=AXIS2_PLACEMENT_3D('',#4787,#3863,#3864);
#3263=AXIS2_PLACEMENT_3D('',#4789,#3865,#3866);
#3264=AXIS2_PLACEMENT_3D('',#4792,#3868,#3869);
#3265=AXIS2_PLACEMENT_3D('',#4798,#3873,#3874);
#3266=AXIS2_PLACEMENT_3D('',#4799,#3875,#3876);
#3267=AXIS2_PLACEMENT_3D('',#4801,#3877,#3878);
#3268=AXIS2_PLACEMENT_3D('',#4804,#3880,#3881);
#3269=AXIS2_PLACEMENT_3D('',#4810,#3885,#3886);
#3270=AXIS2_PLACEMENT_3D('',#4811,#3887,#3888);
#3271=AXIS2_PLACEMENT_3D('',#4813,#3889,#3890);
#3272=AXIS2_PLACEMENT_3D('',#4816,#3892,#3893);
#3273=AXIS2_PLACEMENT_3D('',#4822,#3897,#3898);
#3274=AXIS2_PLACEMENT_3D('',#4823,#3899,#3900);
#3275=AXIS2_PLACEMENT_3D('',#4825,#3901,#3902);
#3276=AXIS2_PLACEMENT_3D('',#4828,#3904,#3905);
#3277=AXIS2_PLACEMENT_3D('',#4834,#3909,#3910);
#3278=AXIS2_PLACEMENT_3D('',#4835,#3911,#3912);
#3279=AXIS2_PLACEMENT_3D('',#4837,#3913,#3914);
#3280=AXIS2_PLACEMENT_3D('',#4840,#3916,#3917);
#3281=AXIS2_PLACEMENT_3D('',#4846,#3921,#3922);
#3282=AXIS2_PLACEMENT_3D('',#4847,#3923,#3924);
#3283=AXIS2_PLACEMENT_3D('',#4849,#3925,#3926);
#3284=AXIS2_PLACEMENT_3D('',#4852,#3928,#3929);
#3285=AXIS2_PLACEMENT_3D('',#4858,#3933,#3934);
#3286=AXIS2_PLACEMENT_3D('',#4859,#3935,#3936);
#3287=AXIS2_PLACEMENT_3D('',#4861,#3937,#3938);
#3288=AXIS2_PLACEMENT_3D('',#4864,#3940,#3941);
#3289=AXIS2_PLACEMENT_3D('',#4870,#3945,#3946);
#3290=AXIS2_PLACEMENT_3D('',#4871,#3947,#3948);
#3291=AXIS2_PLACEMENT_3D('',#4873,#3949,#3950);
#3292=AXIS2_PLACEMENT_3D('',#4876,#3952,#3953);
#3293=AXIS2_PLACEMENT_3D('',#4882,#3957,#3958);
#3294=AXIS2_PLACEMENT_3D('',#4883,#3959,#3960);
#3295=AXIS2_PLACEMENT_3D('',#4885,#3961,#3962);
#3296=AXIS2_PLACEMENT_3D('',#4888,#3964,#3965);
#3297=AXIS2_PLACEMENT_3D('',#4894,#3969,#3970);
#3298=AXIS2_PLACEMENT_3D('',#4895,#3971,#3972);
#3299=AXIS2_PLACEMENT_3D('',#4897,#3973,#3974);
#3300=AXIS2_PLACEMENT_3D('',#4900,#3976,#3977);
#3301=AXIS2_PLACEMENT_3D('',#4906,#3981,#3982);
#3302=AXIS2_PLACEMENT_3D('',#4907,#3983,#3984);
#3303=AXIS2_PLACEMENT_3D('',#4909,#3985,#3986);
#3304=AXIS2_PLACEMENT_3D('',#4912,#3988,#3989);
#3305=AXIS2_PLACEMENT_3D('',#4918,#3993,#3994);
#3306=AXIS2_PLACEMENT_3D('',#4919,#3995,#3996);
#3307=AXIS2_PLACEMENT_3D('',#4921,#3997,#3998);
#3308=AXIS2_PLACEMENT_3D('',#4924,#4000,#4001);
#3309=AXIS2_PLACEMENT_3D('',#4930,#4005,#4006);
#3310=AXIS2_PLACEMENT_3D('',#4931,#4007,#4008);
#3311=AXIS2_PLACEMENT_3D('',#4933,#4009,#4010);
#3312=AXIS2_PLACEMENT_3D('',#4936,#4012,#4013);
#3313=AXIS2_PLACEMENT_3D('',#4942,#4017,#4018);
#3314=AXIS2_PLACEMENT_3D('',#4943,#4019,#4020);
#3315=AXIS2_PLACEMENT_3D('',#4945,#4021,#4022);
#3316=AXIS2_PLACEMENT_3D('',#4948,#4024,#4025);
#3317=AXIS2_PLACEMENT_3D('',#4954,#4029,#4030);
#3318=AXIS2_PLACEMENT_3D('',#4955,#4031,#4032);
#3319=AXIS2_PLACEMENT_3D('',#4957,#4033,#4034);
#3320=AXIS2_PLACEMENT_3D('',#4960,#4036,#4037);
#3321=AXIS2_PLACEMENT_3D('',#4966,#4041,#4042);
#3322=AXIS2_PLACEMENT_3D('',#4967,#4043,#4044);
#3323=AXIS2_PLACEMENT_3D('',#4969,#4045,#4046);
#3324=AXIS2_PLACEMENT_3D('',#4972,#4048,#4049);
#3325=AXIS2_PLACEMENT_3D('',#4978,#4053,#4054);
#3326=AXIS2_PLACEMENT_3D('',#4979,#4055,#4056);
#3327=AXIS2_PLACEMENT_3D('',#4981,#4057,#4058);
#3328=AXIS2_PLACEMENT_3D('',#4984,#4060,#4061);
#3329=AXIS2_PLACEMENT_3D('',#4990,#4065,#4066);
#3330=AXIS2_PLACEMENT_3D('',#4991,#4067,#4068);
#3331=AXIS2_PLACEMENT_3D('',#4993,#4069,#4070);
#3332=AXIS2_PLACEMENT_3D('',#4996,#4072,#4073);
#3333=AXIS2_PLACEMENT_3D('',#5002,#4077,#4078);
#3334=AXIS2_PLACEMENT_3D('',#5003,#4079,#4080);
#3335=AXIS2_PLACEMENT_3D('',#5005,#4081,#4082);
#3336=AXIS2_PLACEMENT_3D('',#5008,#4084,#4085);
#3337=AXIS2_PLACEMENT_3D('',#5014,#4089,#4090);
#3338=AXIS2_PLACEMENT_3D('',#5015,#4091,#4092);
#3339=AXIS2_PLACEMENT_3D('',#5017,#4093,#4094);
#3340=AXIS2_PLACEMENT_3D('',#5020,#4096,#4097);
#3341=AXIS2_PLACEMENT_3D('',#5026,#4101,#4102);
#3342=AXIS2_PLACEMENT_3D('',#5027,#4103,#4104);
#3343=AXIS2_PLACEMENT_3D('',#5029,#4105,#4106);
#3344=AXIS2_PLACEMENT_3D('',#5032,#4108,#4109);
#3345=AXIS2_PLACEMENT_3D('',#5038,#4113,#4114);
#3346=AXIS2_PLACEMENT_3D('',#5039,#4115,#4116);
#3347=AXIS2_PLACEMENT_3D('',#5041,#4117,#4118);
#3348=AXIS2_PLACEMENT_3D('',#5044,#4120,#4121);
#3349=AXIS2_PLACEMENT_3D('',#5050,#4125,#4126);
#3350=AXIS2_PLACEMENT_3D('',#5051,#4127,#4128);
#3351=AXIS2_PLACEMENT_3D('',#5053,#4129,#4130);
#3352=AXIS2_PLACEMENT_3D('',#5056,#4132,#4133);
#3353=AXIS2_PLACEMENT_3D('',#5062,#4137,#4138);
#3354=AXIS2_PLACEMENT_3D('',#5063,#4139,#4140);
#3355=AXIS2_PLACEMENT_3D('',#5065,#4141,#4142);
#3356=AXIS2_PLACEMENT_3D('',#5068,#4144,#4145);
#3357=AXIS2_PLACEMENT_3D('',#5069,#4146,#4147);
#3358=AXIS2_PLACEMENT_3D('',#5074,#4149,#4150);
#3359=AXIS2_PLACEMENT_3D('',#5077,#4152,#4153);
#3360=AXIS2_PLACEMENT_3D('',#5083,#4157,#4158);
#3361=AXIS2_PLACEMENT_3D('',#5084,#4159,#4160);
#3362=AXIS2_PLACEMENT_3D('',#5086,#4161,#4162);
#3363=AXIS2_PLACEMENT_3D('',#5089,#4164,#4165);
#3364=AXIS2_PLACEMENT_3D('',#5095,#4169,#4170);
#3365=AXIS2_PLACEMENT_3D('',#5096,#4171,#4172);
#3366=AXIS2_PLACEMENT_3D('',#5098,#4173,#4174);
#3367=AXIS2_PLACEMENT_3D('',#5101,#4176,#4177);
#3368=AXIS2_PLACEMENT_3D('',#5107,#4181,#4182);
#3369=AXIS2_PLACEMENT_3D('',#5108,#4183,#4184);
#3370=AXIS2_PLACEMENT_3D('',#5110,#4185,#4186);
#3371=AXIS2_PLACEMENT_3D('',#5113,#4188,#4189);
#3372=AXIS2_PLACEMENT_3D('',#5114,#4190,#4191);
#3373=AXIS2_PLACEMENT_3D('',#5119,#4193,#4194);
#3374=AXIS2_PLACEMENT_3D('',#5122,#4196,#4197);
#3375=AXIS2_PLACEMENT_3D('',#5128,#4201,#4202);
#3376=AXIS2_PLACEMENT_3D('',#5129,#4203,#4204);
#3377=AXIS2_PLACEMENT_3D('',#5131,#4205,#4206);
#3378=AXIS2_PLACEMENT_3D('',#5134,#4208,#4209);
#3379=AXIS2_PLACEMENT_3D('',#5140,#4213,#4214);
#3380=AXIS2_PLACEMENT_3D('',#5141,#4215,#4216);
#3381=AXIS2_PLACEMENT_3D('',#5143,#4217,#4218);
#3382=AXIS2_PLACEMENT_3D('',#5146,#4220,#4221);
#3383=AXIS2_PLACEMENT_3D('',#5152,#4225,#4226);
#3384=AXIS2_PLACEMENT_3D('',#5153,#4227,#4228);
#3385=AXIS2_PLACEMENT_3D('',#5155,#4229,#4230);
#3386=AXIS2_PLACEMENT_3D('',#5158,#4232,#4233);
#3387=AXIS2_PLACEMENT_3D('',#5167,#4238,#4239);
#3388=AXIS2_PLACEMENT_3D('',#5168,#4240,#4241);
#3389=AXIS2_PLACEMENT_3D('',#5170,#4242,#4243);
#3390=AXIS2_PLACEMENT_3D('',#5173,#4245,#4246);
#3391=AXIS2_PLACEMENT_3D('',#5179,#4250,#4251);
#3392=AXIS2_PLACEMENT_3D('',#5180,#4252,#4253);
#3393=AXIS2_PLACEMENT_3D('',#5182,#4254,#4255);
#3394=AXIS2_PLACEMENT_3D('',#5185,#4257,#4258);
#3395=AXIS2_PLACEMENT_3D('',#5191,#4262,#4263);
#3396=AXIS2_PLACEMENT_3D('',#5192,#4264,#4265);
#3397=AXIS2_PLACEMENT_3D('',#5194,#4266,#4267);
#3398=AXIS2_PLACEMENT_3D('',#5197,#4269,#4270);
#3399=AXIS2_PLACEMENT_3D('',#5203,#4274,#4275);
#3400=AXIS2_PLACEMENT_3D('',#5212,#4280,#4281);
#3401=AXIS2_PLACEMENT_3D('',#5213,#4282,#4283);
#3402=AXIS2_PLACEMENT_3D('',#5215,#4284,#4285);
#3403=AXIS2_PLACEMENT_3D('',#5218,#4287,#4288);
#3404=AXIS2_PLACEMENT_3D('',#5224,#4292,#4293);
#3405=AXIS2_PLACEMENT_3D('',#5225,#4294,#4295);
#3406=AXIS2_PLACEMENT_3D('',#5227,#4296,#4297);
#3407=AXIS2_PLACEMENT_3D('',#5230,#4299,#4300);
#3408=AXIS2_PLACEMENT_3D('',#5236,#4304,#4305);
#3409=AXIS2_PLACEMENT_3D('',#5237,#4306,#4307);
#3410=AXIS2_PLACEMENT_3D('',#5239,#4308,#4309);
#3411=AXIS2_PLACEMENT_3D('',#5242,#4311,#4312);
#3412=AXIS2_PLACEMENT_3D('',#5248,#4316,#4317);
#3413=AXIS2_PLACEMENT_3D('',#5251,#4320,#4321);
#3414=AXIS2_PLACEMENT_3D('',#5254,#4324,#4325);
#3415=AXIS2_PLACEMENT_3D('',#5255,#4326,#4327);
#3416=AXIS2_PLACEMENT_3D('',#5257,#4328,#4329);
#3417=AXIS2_PLACEMENT_3D('',#5259,#4330,#4331);
#3418=AXIS2_PLACEMENT_3D('',#5260,#4332,#4333);
#3419=AXIS2_PLACEMENT_3D('',#5261,#4334,#4335);
#3420=AXIS2_PLACEMENT_3D('',#5262,#4336,#4337);
#3421=AXIS2_PLACEMENT_3D('',#5263,#4338,#4339);
#3422=AXIS2_PLACEMENT_3D('',#5264,#4340,#4341);
#3423=AXIS2_PLACEMENT_3D('',#5265,#4342,#4343);
#3424=AXIS2_PLACEMENT_3D('',#5268,#4346,#4347);
#3425=AXIS2_PLACEMENT_3D('',#5269,#4348,#4349);
#3426=DIRECTION('',(0.,0.,1.));
#3427=DIRECTION('',(1.,0.,0.));
#3428=DIRECTION('',(0.,0.,1.));
#3429=DIRECTION('',(1.,0.,0.));
#3430=DIRECTION('',(0.,0.,1.));
#3431=DIRECTION('',(1.,0.,0.));
#3432=DIRECTION('',(0.,0.,1.));
#3433=DIRECTION('',(0.,0.,1.));
#3434=DIRECTION('',(1.,0.,0.));
#3435=DIRECTION('',(0.,0.,1.));
#3436=DIRECTION('',(-1.,0.,0.));
#3437=DIRECTION('',(0.,0.,1.));
#3438=DIRECTION('',(0.,-1.,0.));
#3439=DIRECTION('',(0.,-1.,0.));
#3440=DIRECTION('',(0.,0.,1.));
#3441=DIRECTION('',(0.,0.,1.));
#3442=DIRECTION('',(1.,0.,0.));
#3443=DIRECTION('',(0.,0.,1.));
#3444=DIRECTION('',(1.,0.,0.));
#3445=DIRECTION('',(0.,0.,1.));
#3446=DIRECTION('',(1.,0.,0.));
#3447=DIRECTION('',(0.,0.,1.));
#3448=DIRECTION('',(0.,-1.,0.));
#3449=DIRECTION('',(0.,0.,-1.));
#3450=DIRECTION('',(1.,0.,0.));
#3451=DIRECTION('',(1.,0.,0.));
#3452=DIRECTION('',(0.,0.,1.));
#3453=DIRECTION('',(0.,0.,1.));
#3454=DIRECTION('',(1.,0.,0.));
#3455=DIRECTION('',(0.,0.,1.));
#3456=DIRECTION('',(1.,0.,0.));
#3457=DIRECTION('',(0.,0.,1.));
#3458=DIRECTION('',(1.,0.,0.));
#3459=DIRECTION('',(0.,0.,1.));
#3460=DIRECTION('',(1.,0.,0.));
#3461=DIRECTION('',(0.,0.,-1.));
#3462=DIRECTION('',(0.,1.,0.));
#3463=DIRECTION('',(0.,1.,0.));
#3464=DIRECTION('',(0.,0.,1.));
#3465=DIRECTION('',(0.,0.,1.));
#3466=DIRECTION('',(1.,0.,0.));
#3467=DIRECTION('',(0.,0.,1.));
#3468=DIRECTION('',(1.,0.,0.));
#3469=DIRECTION('',(0.,0.,1.));
#3470=DIRECTION('',(1.,0.,0.));
#3471=DIRECTION('',(0.,0.,1.));
#3472=DIRECTION('',(0.,1.,0.));
#3473=DIRECTION('',(0.,0.,1.));
#3474=DIRECTION('',(-1.,0.,0.));
#3475=DIRECTION('',(-1.,0.,0.));
#3476=DIRECTION('',(0.,0.,1.));
#3477=DIRECTION('',(0.,0.,1.));
#3478=DIRECTION('',(1.,0.,0.));
#3479=DIRECTION('',(0.,0.,1.));
#3480=DIRECTION('',(1.,0.,0.));
#3481=DIRECTION('',(0.,0.,1.));
#3482=DIRECTION('',(1.,0.,0.));
#3483=DIRECTION('',(0.,0.,1.));
#3484=DIRECTION('',(-1.,0.,0.));
#3485=DIRECTION('',(0.,0.,1.));
#3486=DIRECTION('',(0.,-1.,0.));
#3487=DIRECTION('',(0.,-1.,0.));
#3488=DIRECTION('',(0.,0.,1.));
#3489=DIRECTION('',(0.,0.,1.));
#3490=DIRECTION('',(1.,0.,0.));
#3491=DIRECTION('',(0.,0.,1.));
#3492=DIRECTION('',(1.,0.,0.));
#3493=DIRECTION('',(0.,0.,1.));
#3494=DIRECTION('',(1.,0.,0.));
#3495=DIRECTION('',(0.,0.,1.));
#3496=DIRECTION('',(0.,1.,0.));
#3497=DIRECTION('',(0.,0.,1.));
#3498=DIRECTION('',(-1.,0.,0.));
#3499=DIRECTION('',(-1.,0.,0.));
#3500=DIRECTION('',(0.,0.,1.));
#3501=DIRECTION('',(0.,0.,1.));
#3502=DIRECTION('',(1.,0.,0.));
#3503=DIRECTION('',(0.,0.,1.));
#3504=DIRECTION('',(1.,0.,0.));
#3505=DIRECTION('',(0.,0.,1.));
#3506=DIRECTION('',(1.,0.,0.));
#3507=DIRECTION('',(0.,0.,1.));
#3508=DIRECTION('',(1.,0.,0.));
#3509=DIRECTION('',(0.,0.,-1.));
#3510=DIRECTION('',(0.,1.,0.));
#3511=DIRECTION('',(0.,1.,0.));
#3512=DIRECTION('',(0.,0.,1.));
#3513=DIRECTION('',(0.,0.,1.));
#3514=DIRECTION('',(1.,0.,0.));
#3515=DIRECTION('',(0.,0.,1.));
#3516=DIRECTION('',(1.,0.,0.));
#3517=DIRECTION('',(0.,0.,1.));
#3518=DIRECTION('',(1.,0.,0.));
#3519=DIRECTION('',(0.,0.,1.));
#3520=DIRECTION('',(0.707106781186549,-0.707106781186546,0.));
#3521=DIRECTION('',(0.707106781186546,0.707106781186549,0.));
#3522=DIRECTION('',(0.707106781186546,0.707106781186549,0.));
#3523=DIRECTION('',(0.707106781186546,0.707106781186549,0.));
#3524=DIRECTION('',(0.,0.,1.));
#3525=DIRECTION('',(0.,0.,1.));
#3526=DIRECTION('',(1.,0.,0.));
#3527=DIRECTION('',(0.,0.,1.));
#3528=DIRECTION('',(1.,0.,0.));
#3529=DIRECTION('',(0.,0.,1.));
#3530=DIRECTION('',(1.,0.,0.));
#3531=DIRECTION('',(0.,0.,1.));
#3532=DIRECTION('',(0.,-1.,0.));
#3533=DIRECTION('',(0.,0.,-1.));
#3534=DIRECTION('',(1.,0.,0.));
#3535=DIRECTION('',(1.,0.,0.));
#3536=DIRECTION('',(0.,0.,1.));
#3537=DIRECTION('',(0.,0.,1.));
#3538=DIRECTION('',(1.,0.,0.));
#3539=DIRECTION('',(0.,0.,1.));
#3540=DIRECTION('',(1.,0.,0.));
#3541=DIRECTION('',(0.,0.,1.));
#3542=DIRECTION('',(1.,0.,0.));
#3543=DIRECTION('',(0.,0.,1.));
#3544=DIRECTION('',(-0.707106781186548,-0.707106781186547,0.));
#3545=DIRECTION('',(0.707106781186547,-0.707106781186548,0.));
#3546=DIRECTION('',(0.707106781186547,-0.707106781186548,0.));
#3547=DIRECTION('',(0.707106781186547,-0.707106781186548,0.));
#3548=DIRECTION('',(0.,0.,1.));
#3549=DIRECTION('',(0.,0.,1.));
#3550=DIRECTION('',(1.,0.,0.));
#3551=DIRECTION('',(0.,0.,1.));
#3552=DIRECTION('',(1.,0.,0.));
#3553=DIRECTION('',(0.,0.,1.));
#3554=DIRECTION('',(1.,0.,0.));
#3555=DIRECTION('',(0.,0.,1.));
#3556=DIRECTION('',(-1.,0.,0.));
#3557=DIRECTION('',(0.,0.,1.));
#3558=DIRECTION('',(0.,-1.,0.));
#3559=DIRECTION('',(0.,-1.,0.));
#3560=DIRECTION('',(0.,0.,1.));
#3561=DIRECTION('',(0.,0.,1.));
#3562=DIRECTION('',(1.,0.,0.));
#3563=DIRECTION('',(0.,0.,1.));
#3564=DIRECTION('',(1.,0.,0.));
#3565=DIRECTION('',(0.,0.,1.));
#3566=DIRECTION('',(1.,0.,0.));
#3567=DIRECTION('',(0.,0.,1.));
#3568=DIRECTION('',(0.,1.,0.));
#3569=DIRECTION('',(0.,0.,1.));
#3570=DIRECTION('',(-1.,0.,0.));
#3571=DIRECTION('',(-1.,0.,0.));
#3572=DIRECTION('',(0.,0.,1.));
#3573=DIRECTION('',(0.,0.,1.));
#3574=DIRECTION('',(1.,0.,0.));
#3575=DIRECTION('',(0.,0.,1.));
#3576=DIRECTION('',(1.,0.,0.));
#3577=DIRECTION('',(0.,0.,1.));
#3578=DIRECTION('',(1.,0.,0.));
#3579=DIRECTION('',(0.,0.,1.));
#3580=DIRECTION('',(1.,0.,0.));
#3581=DIRECTION('',(0.,0.,-1.));
#3582=DIRECTION('',(0.,1.,0.));
#3583=DIRECTION('',(0.,1.,0.));
#3584=DIRECTION('',(0.,0.,1.));
#3585=DIRECTION('',(0.,0.,1.));
#3586=DIRECTION('',(1.,0.,0.));
#3587=DIRECTION('',(0.,0.,1.));
#3588=DIRECTION('',(1.,0.,0.));
#3589=DIRECTION('',(0.,0.,1.));
#3590=DIRECTION('',(1.,0.,0.));
#3591=DIRECTION('',(0.,0.,1.));
#3592=DIRECTION('',(0.,1.,0.));
#3593=DIRECTION('',(0.,0.,1.));
#3594=DIRECTION('',(-1.,0.,0.));
#3595=DIRECTION('',(-1.,0.,0.));
#3596=DIRECTION('',(0.,0.,1.));
#3597=DIRECTION('',(0.,0.,1.));
#3598=DIRECTION('',(1.,0.,0.));
#3599=DIRECTION('',(0.,0.,1.));
#3600=DIRECTION('',(1.,0.,0.));
#3601=DIRECTION('',(0.,0.,1.));
#3602=DIRECTION('',(1.,0.,0.));
#3603=DIRECTION('',(0.,0.,1.));
#3604=DIRECTION('',(-1.,0.,0.));
#3605=DIRECTION('',(0.,0.,1.));
#3606=DIRECTION('',(0.,-1.,0.));
#3607=DIRECTION('',(0.,-1.,0.));
#3608=DIRECTION('',(0.,0.,1.));
#3609=DIRECTION('',(0.,0.,1.));
#3610=DIRECTION('',(1.,0.,0.));
#3611=DIRECTION('',(0.,0.,1.));
#3612=DIRECTION('',(1.,0.,0.));
#3613=DIRECTION('',(0.,0.,1.));
#3614=DIRECTION('',(1.,0.,0.));
#3615=DIRECTION('',(0.,0.,1.));
#3616=DIRECTION('',(0.,-1.,0.));
#3617=DIRECTION('',(0.,0.,-1.));
#3618=DIRECTION('',(1.,0.,0.));
#3619=DIRECTION('',(1.,0.,0.));
#3620=DIRECTION('',(0.,0.,1.));
#3621=DIRECTION('',(0.,0.,1.));
#3622=DIRECTION('',(1.,0.,0.));
#3623=DIRECTION('',(0.,0.,1.));
#3624=DIRECTION('',(1.,0.,0.));
#3625=DIRECTION('',(0.,0.,1.));
#3626=DIRECTION('',(1.,0.,0.));
#3627=DIRECTION('',(0.,0.,1.));
#3628=DIRECTION('',(1.,0.,0.));
#3629=DIRECTION('',(0.,0.,-1.));
#3630=DIRECTION('',(0.,1.,0.));
#3631=DIRECTION('',(0.,1.,0.));
#3632=DIRECTION('',(0.,0.,1.));
#3633=DIRECTION('',(0.,0.,1.));
#3634=DIRECTION('',(1.,0.,0.));
#3635=DIRECTION('',(0.,0.,1.));
#3636=DIRECTION('',(1.,0.,0.));
#3637=DIRECTION('',(0.,0.,1.));
#3638=DIRECTION('',(1.,0.,0.));
#3639=DIRECTION('',(0.,0.,1.));
#3640=DIRECTION('',(0.,1.,0.));
#3641=DIRECTION('',(0.,0.,1.));
#3642=DIRECTION('',(-1.,0.,0.));
#3643=DIRECTION('',(-1.,0.,0.));
#3644=DIRECTION('',(0.,0.,1.));
#3645=DIRECTION('',(0.,0.,1.));
#3646=DIRECTION('',(1.,0.,0.));
#3647=DIRECTION('',(0.,0.,1.));
#3648=DIRECTION('',(1.,0.,0.));
#3649=DIRECTION('',(0.,0.,1.));
#3650=DIRECTION('',(1.,0.,0.));
#3651=DIRECTION('',(0.,0.,1.));
#3652=DIRECTION('',(-1.,0.,0.));
#3653=DIRECTION('',(0.,0.,1.));
#3654=DIRECTION('',(0.,-1.,0.));
#3655=DIRECTION('',(0.,-1.,0.));
#3656=DIRECTION('',(0.,0.,1.));
#3657=DIRECTION('',(0.,0.,1.));
#3658=DIRECTION('',(1.,0.,0.));
#3659=DIRECTION('',(0.,0.,1.));
#3660=DIRECTION('',(1.,0.,0.));
#3661=DIRECTION('',(0.,0.,1.));
#3662=DIRECTION('',(1.,0.,0.));
#3663=DIRECTION('',(0.,0.,1.));
#3664=DIRECTION('',(0.,-1.,0.));
#3665=DIRECTION('',(0.,0.,-1.));
#3666=DIRECTION('',(1.,0.,0.));
#3667=DIRECTION('',(1.,0.,0.));
#3668=DIRECTION('',(0.,0.,1.));
#3669=DIRECTION('',(0.,0.,1.));
#3670=DIRECTION('',(1.,0.,0.));
#3671=DIRECTION('',(0.,0.,1.));
#3672=DIRECTION('',(1.,0.,0.));
#3673=DIRECTION('',(0.,0.,1.));
#3674=DIRECTION('',(1.,0.,0.));
#3675=DIRECTION('',(0.,0.,1.));
#3676=DIRECTION('',(-1.,0.,0.));
#3677=DIRECTION('',(0.,0.,1.));
#3678=DIRECTION('',(0.,-1.,0.));
#3679=DIRECTION('',(0.,-1.,0.));
#3680=DIRECTION('',(0.,0.,1.));
#3681=DIRECTION('',(0.,0.,1.));
#3682=DIRECTION('',(1.,0.,0.));
#3683=DIRECTION('',(0.,0.,1.));
#3684=DIRECTION('',(1.,0.,0.));
#3685=DIRECTION('',(0.,0.,1.));
#3686=DIRECTION('',(1.,0.,0.));
#3687=DIRECTION('',(0.,0.,1.));
#3688=DIRECTION('',(0.,1.,0.));
#3689=DIRECTION('',(0.,0.,1.));
#3690=DIRECTION('',(-1.,0.,0.));
#3691=DIRECTION('',(-1.,0.,0.));
#3692=DIRECTION('',(0.,0.,1.));
#3693=DIRECTION('',(0.,0.,1.));
#3694=DIRECTION('',(1.,0.,0.));
#3695=DIRECTION('',(0.,0.,1.));
#3696=DIRECTION('',(1.,0.,0.));
#3697=DIRECTION('',(0.,0.,1.));
#3698=DIRECTION('',(1.,0.,0.));
#3699=DIRECTION('',(0.,0.,1.));
#3700=DIRECTION('',(0.707106781186546,0.707106781186549,0.));
#3701=DIRECTION('',(-0.707106781186549,0.707106781186546,0.));
#3702=DIRECTION('',(-0.707106781186549,0.707106781186546,0.));
#3703=DIRECTION('',(-0.707106781186549,0.707106781186546,0.));
#3704=DIRECTION('',(0.,0.,1.));
#3705=DIRECTION('',(0.,0.,1.));
#3706=DIRECTION('',(1.,0.,0.));
#3707=DIRECTION('',(0.,0.,1.));
#3708=DIRECTION('',(1.,0.,0.));
#3709=DIRECTION('',(0.,0.,1.));
#3710=DIRECTION('',(1.,0.,0.));
#3711=DIRECTION('',(0.,0.,1.));
#3712=DIRECTION('',(1.,0.,0.));
#3713=DIRECTION('',(0.,0.,-1.));
#3714=DIRECTION('',(0.,1.,0.));
#3715=DIRECTION('',(0.,1.,0.));
#3716=DIRECTION('',(0.,0.,1.));
#3717=DIRECTION('',(0.,0.,1.));
#3718=DIRECTION('',(1.,0.,0.));
#3719=DIRECTION('',(0.,0.,1.));
#3720=DIRECTION('',(1.,0.,0.));
#3721=DIRECTION('',(0.,0.,1.));
#3722=DIRECTION('',(1.,0.,0.));
#3723=DIRECTION('',(0.,0.,1.));
#3724=DIRECTION('',(0.707106781186547,-0.707106781186548,0.));
#3725=DIRECTION('',(0.707106781186548,0.707106781186547,0.));
#3726=DIRECTION('',(0.707106781186548,0.707106781186547,0.));
#3727=DIRECTION('',(0.707106781186548,0.707106781186547,0.));
#3728=DIRECTION('',(0.,0.,1.));
#3729=DIRECTION('',(0.,0.,1.));
#3730=DIRECTION('',(1.,0.,0.));
#3731=DIRECTION('',(0.,0.,1.));
#3732=DIRECTION('',(1.,0.,0.));
#3733=DIRECTION('',(0.,0.,1.));
#3734=DIRECTION('',(1.,0.,0.));
#3735=DIRECTION('',(0.,0.,1.));
#3736=DIRECTION('',(0.,-1.,0.));
#3737=DIRECTION('',(0.,0.,-1.));
#3738=DIRECTION('',(1.,0.,0.));
#3739=DIRECTION('',(1.,0.,0.));
#3740=DIRECTION('',(0.,0.,1.));
#3741=DIRECTION('',(0.,0.,1.));
#3742=DIRECTION('',(1.,0.,0.));
#3743=DIRECTION('',(0.,0.,1.));
#3744=DIRECTION('',(1.,0.,0.));
#3745=DIRECTION('',(0.,0.,1.));
#3746=DIRECTION('',(1.,0.,0.));
#3747=DIRECTION('',(0.,0.,1.));
#3748=DIRECTION('',(-1.,0.,0.));
#3749=DIRECTION('',(0.,0.,1.));
#3750=DIRECTION('',(0.,-1.,0.));
#3751=DIRECTION('',(0.,-1.,0.));
#3752=DIRECTION('',(0.,0.,1.));
#3753=DIRECTION('',(0.,0.,1.));
#3754=DIRECTION('',(1.,0.,0.));
#3755=DIRECTION('',(0.,0.,1.));
#3756=DIRECTION('',(1.,0.,0.));
#3757=DIRECTION('',(0.,0.,1.));
#3758=DIRECTION('',(1.,0.,0.));
#3759=DIRECTION('',(0.,0.,1.));
#3760=DIRECTION('',(0.,1.,0.));
#3761=DIRECTION('',(0.,0.,1.));
#3762=DIRECTION('',(-1.,0.,0.));
#3763=DIRECTION('',(-1.,0.,0.));
#3764=DIRECTION('',(0.,0.,1.));
#3765=DIRECTION('',(0.,0.,1.));
#3766=DIRECTION('',(1.,0.,0.));
#3767=DIRECTION('',(0.,0.,1.));
#3768=DIRECTION('',(1.,0.,0.));
#3769=DIRECTION('',(0.,0.,1.));
#3770=DIRECTION('',(1.,0.,0.));
#3771=DIRECTION('',(0.,0.,1.));
#3772=DIRECTION('',(-1.,0.,0.));
#3773=DIRECTION('',(0.,0.,1.));
#3774=DIRECTION('',(0.,-1.,0.));
#3775=DIRECTION('',(0.,-1.,0.));
#3776=DIRECTION('',(0.,0.,1.));
#3777=DIRECTION('',(0.,0.,1.));
#3778=DIRECTION('',(1.,0.,0.));
#3779=DIRECTION('',(0.,0.,1.));
#3780=DIRECTION('',(1.,0.,0.));
#3781=DIRECTION('',(0.,0.,1.));
#3782=DIRECTION('',(1.,0.,0.));
#3783=DIRECTION('',(0.,0.,1.));
#3784=DIRECTION('',(0.,-1.,0.));
#3785=DIRECTION('',(0.,0.,-1.));
#3786=DIRECTION('',(1.,0.,0.));
#3787=DIRECTION('',(1.,0.,0.));
#3788=DIRECTION('',(0.,0.,1.));
#3789=DIRECTION('',(0.,0.,1.));
#3790=DIRECTION('',(1.,0.,0.));
#3791=DIRECTION('',(0.,0.,1.));
#3792=DIRECTION('',(1.,0.,0.));
#3793=DIRECTION('',(0.,0.,1.));
#3794=DIRECTION('',(1.,0.,0.));
#3795=DIRECTION('',(0.,0.,1.));
#3796=DIRECTION('',(1.,0.,0.));
#3797=DIRECTION('',(0.,0.,-1.));
#3798=DIRECTION('',(0.,1.,0.));
#3799=DIRECTION('',(0.,1.,0.));
#3800=DIRECTION('',(0.,0.,1.));
#3801=DIRECTION('',(0.,0.,1.));
#3802=DIRECTION('',(1.,0.,0.));
#3803=DIRECTION('',(0.,0.,1.));
#3804=DIRECTION('',(1.,0.,0.));
#3805=DIRECTION('',(0.,0.,1.));
#3806=DIRECTION('',(1.,0.,0.));
#3807=DIRECTION('',(0.,0.,1.));
#3808=DIRECTION('',(0.,1.,0.));
#3809=DIRECTION('',(0.,0.,1.));
#3810=DIRECTION('',(-1.,0.,0.));
#3811=DIRECTION('',(-1.,0.,0.));
#3812=DIRECTION('',(0.,0.,1.));
#3813=DIRECTION('',(0.,0.,1.));
#3814=DIRECTION('',(1.,0.,0.));
#3815=DIRECTION('',(0.,0.,1.));
#3816=DIRECTION('',(1.,0.,0.));
#3817=DIRECTION('',(0.,0.,1.));
#3818=DIRECTION('',(1.,0.,0.));
#3819=DIRECTION('',(0.,0.,1.));
#3820=DIRECTION('',(-1.,0.,0.));
#3821=DIRECTION('',(0.,0.,1.));
#3822=DIRECTION('',(0.,-1.,0.));
#3823=DIRECTION('',(0.,-1.,0.));
#3824=DIRECTION('',(0.,0.,1.));
#3825=DIRECTION('',(0.,0.,1.));
#3826=DIRECTION('',(1.,0.,0.));
#3827=DIRECTION('',(0.,0.,1.));
#3828=DIRECTION('',(1.,0.,0.));
#3829=DIRECTION('',(0.,0.,1.));
#3830=DIRECTION('',(1.,0.,0.));
#3831=DIRECTION('',(0.,0.,1.));
#3832=DIRECTION('',(0.,-1.,0.));
#3833=DIRECTION('',(0.,0.,-1.));
#3834=DIRECTION('',(1.,0.,0.));
#3835=DIRECTION('',(1.,0.,0.));
#3836=DIRECTION('',(0.,0.,1.));
#3837=DIRECTION('',(0.,0.,1.));
#3838=DIRECTION('',(1.,0.,0.));
#3839=DIRECTION('',(0.,0.,1.));
#3840=DIRECTION('',(1.,0.,0.));
#3841=DIRECTION('',(0.,0.,1.));
#3842=DIRECTION('',(1.,0.,0.));
#3843=DIRECTION('',(0.,0.,1.));
#3844=DIRECTION('',(1.,0.,0.));
#3845=DIRECTION('',(0.,0.,-1.));
#3846=DIRECTION('',(0.,1.,0.));
#3847=DIRECTION('',(0.,1.,0.));
#3848=DIRECTION('',(0.,0.,1.));
#3849=DIRECTION('',(0.,0.,1.));
#3850=DIRECTION('',(1.,0.,0.));
#3851=DIRECTION('',(0.,0.,1.));
#3852=DIRECTION('',(1.,0.,0.));
#3853=DIRECTION('',(0.,0.,1.));
#3854=DIRECTION('',(1.,0.,0.));
#3855=DIRECTION('',(0.,0.,1.));
#3856=DIRECTION('',(0.,-1.,0.));
#3857=DIRECTION('',(0.,0.,-1.));
#3858=DIRECTION('',(1.,0.,0.));
#3859=DIRECTION('',(1.,0.,0.));
#3860=DIRECTION('',(0.,0.,1.));
#3861=DIRECTION('',(0.,0.,1.));
#3862=DIRECTION('',(1.,0.,0.));
#3863=DIRECTION('',(0.,0.,1.));
#3864=DIRECTION('',(1.,0.,0.));
#3865=DIRECTION('',(0.,0.,1.));
#3866=DIRECTION('',(1.,0.,0.));
#3867=DIRECTION('',(0.,0.,1.));
#3868=DIRECTION('',(-1.,0.,0.));
#3869=DIRECTION('',(0.,0.,1.));
#3870=DIRECTION('',(0.,-1.,0.));
#3871=DIRECTION('',(0.,-1.,0.));
#3872=DIRECTION('',(0.,0.,1.));
#3873=DIRECTION('',(0.,0.,1.));
#3874=DIRECTION('',(1.,0.,0.));
#3875=DIRECTION('',(0.,0.,1.));
#3876=DIRECTION('',(1.,0.,0.));
#3877=DIRECTION('',(0.,0.,1.));
#3878=DIRECTION('',(1.,0.,0.));
#3879=DIRECTION('',(0.,0.,1.));
#3880=DIRECTION('',(-0.707106781186549,0.707106781186546,0.));
#3881=DIRECTION('',(-0.707106781186546,-0.707106781186549,0.));
#3882=DIRECTION('',(-0.707106781186546,-0.707106781186549,0.));
#3883=DIRECTION('',(-0.707106781186546,-0.707106781186549,0.));
#3884=DIRECTION('',(0.,0.,1.));
#3885=DIRECTION('',(0.,0.,1.));
#3886=DIRECTION('',(1.,0.,0.));
#3887=DIRECTION('',(0.,0.,1.));
#3888=DIRECTION('',(1.,0.,0.));
#3889=DIRECTION('',(0.,0.,1.));
#3890=DIRECTION('',(1.,0.,0.));
#3891=DIRECTION('',(0.,0.,1.));
#3892=DIRECTION('',(0.,1.,0.));
#3893=DIRECTION('',(0.,0.,1.));
#3894=DIRECTION('',(-1.,0.,0.));
#3895=DIRECTION('',(-1.,0.,0.));
#3896=DIRECTION('',(0.,0.,1.));
#3897=DIRECTION('',(0.,0.,1.));
#3898=DIRECTION('',(1.,0.,0.));
#3899=DIRECTION('',(0.,0.,1.));
#3900=DIRECTION('',(1.,0.,0.));
#3901=DIRECTION('',(0.,0.,1.));
#3902=DIRECTION('',(1.,0.,0.));
#3903=DIRECTION('',(0.,0.,1.));
#3904=DIRECTION('',(0.707106781186548,0.707106781186547,0.));
#3905=DIRECTION('',(-0.707106781186547,0.707106781186548,0.));
#3906=DIRECTION('',(-0.707106781186547,0.707106781186548,0.));
#3907=DIRECTION('',(-0.707106781186547,0.707106781186548,0.));
#3908=DIRECTION('',(0.,0.,1.));
#3909=DIRECTION('',(0.,0.,1.));
#3910=DIRECTION('',(1.,0.,0.));
#3911=DIRECTION('',(0.,0.,1.));
#3912=DIRECTION('',(1.,0.,0.));
#3913=DIRECTION('',(0.,0.,1.));
#3914=DIRECTION('',(1.,0.,0.));
#3915=DIRECTION('',(0.,0.,1.));
#3916=DIRECTION('',(1.,0.,0.));
#3917=DIRECTION('',(0.,0.,-1.));
#3918=DIRECTION('',(0.,1.,0.));
#3919=DIRECTION('',(0.,1.,0.));
#3920=DIRECTION('',(0.,0.,1.));
#3921=DIRECTION('',(0.,0.,1.));
#3922=DIRECTION('',(1.,0.,0.));
#3923=DIRECTION('',(0.,0.,1.));
#3924=DIRECTION('',(1.,0.,0.));
#3925=DIRECTION('',(0.,0.,1.));
#3926=DIRECTION('',(1.,0.,0.));
#3927=DIRECTION('',(0.,0.,1.));
#3928=DIRECTION('',(0.,-1.,0.));
#3929=DIRECTION('',(0.,0.,-1.));
#3930=DIRECTION('',(1.,0.,0.));
#3931=DIRECTION('',(1.,0.,0.));
#3932=DIRECTION('',(0.,0.,1.));
#3933=DIRECTION('',(0.,0.,1.));
#3934=DIRECTION('',(1.,0.,0.));
#3935=DIRECTION('',(0.,0.,1.));
#3936=DIRECTION('',(1.,0.,0.));
#3937=DIRECTION('',(0.,0.,1.));
#3938=DIRECTION('',(1.,0.,0.));
#3939=DIRECTION('',(0.,0.,1.));
#3940=DIRECTION('',(-1.,0.,0.));
#3941=DIRECTION('',(0.,0.,1.));
#3942=DIRECTION('',(0.,-1.,0.));
#3943=DIRECTION('',(0.,-1.,0.));
#3944=DIRECTION('',(0.,0.,1.));
#3945=DIRECTION('',(0.,0.,1.));
#3946=DIRECTION('',(1.,0.,0.));
#3947=DIRECTION('',(0.,0.,1.));
#3948=DIRECTION('',(1.,0.,0.));
#3949=DIRECTION('',(0.,0.,1.));
#3950=DIRECTION('',(1.,0.,0.));
#3951=DIRECTION('',(0.,0.,1.));
#3952=DIRECTION('',(0.,-1.,0.));
#3953=DIRECTION('',(0.,0.,-1.));
#3954=DIRECTION('',(1.,0.,0.));
#3955=DIRECTION('',(1.,0.,0.));
#3956=DIRECTION('',(0.,0.,1.));
#3957=DIRECTION('',(0.,0.,1.));
#3958=DIRECTION('',(1.,0.,0.));
#3959=DIRECTION('',(0.,0.,1.));
#3960=DIRECTION('',(1.,0.,0.));
#3961=DIRECTION('',(0.,0.,1.));
#3962=DIRECTION('',(1.,0.,0.));
#3963=DIRECTION('',(0.,0.,1.));
#3964=DIRECTION('',(1.,0.,0.));
#3965=DIRECTION('',(0.,0.,-1.));
#3966=DIRECTION('',(0.,1.,0.));
#3967=DIRECTION('',(0.,1.,0.));
#3968=DIRECTION('',(0.,0.,1.));
#3969=DIRECTION('',(0.,0.,1.));
#3970=DIRECTION('',(1.,0.,0.));
#3971=DIRECTION('',(0.,0.,1.));
#3972=DIRECTION('',(1.,0.,0.));
#3973=DIRECTION('',(0.,0.,1.));
#3974=DIRECTION('',(1.,0.,0.));
#3975=DIRECTION('',(0.,0.,1.));
#3976=DIRECTION('',(0.,1.,0.));
#3977=DIRECTION('',(0.,0.,1.));
#3978=DIRECTION('',(-1.,0.,0.));
#3979=DIRECTION('',(-1.,0.,0.));
#3980=DIRECTION('',(0.,0.,1.));
#3981=DIRECTION('',(0.,0.,1.));
#3982=DIRECTION('',(1.,0.,0.));
#3983=DIRECTION('',(0.,0.,1.));
#3984=DIRECTION('',(1.,0.,0.));
#3985=DIRECTION('',(0.,0.,1.));
#3986=DIRECTION('',(1.,0.,0.));
#3987=DIRECTION('',(0.,0.,1.));
#3988=DIRECTION('',(-1.,0.,0.));
#3989=DIRECTION('',(0.,0.,1.));
#3990=DIRECTION('',(0.,-1.,0.));
#3991=DIRECTION('',(0.,-1.,0.));
#3992=DIRECTION('',(0.,0.,1.));
#3993=DIRECTION('',(0.,0.,1.));
#3994=DIRECTION('',(1.,0.,0.));
#3995=DIRECTION('',(0.,0.,1.));
#3996=DIRECTION('',(1.,0.,0.));
#3997=DIRECTION('',(0.,0.,1.));
#3998=DIRECTION('',(1.,0.,0.));
#3999=DIRECTION('',(0.,0.,1.));
#4000=DIRECTION('',(0.,-1.,0.));
#4001=DIRECTION('',(0.,0.,-1.));
#4002=DIRECTION('',(1.,0.,0.));
#4003=DIRECTION('',(1.,0.,0.));
#4004=DIRECTION('',(0.,0.,1.));
#4005=DIRECTION('',(0.,0.,1.));
#4006=DIRECTION('',(1.,0.,0.));
#4007=DIRECTION('',(0.,0.,1.));
#4008=DIRECTION('',(1.,0.,0.));
#4009=DIRECTION('',(0.,0.,1.));
#4010=DIRECTION('',(1.,0.,0.));
#4011=DIRECTION('',(0.,0.,1.));
#4012=DIRECTION('',(1.,0.,0.));
#4013=DIRECTION('',(0.,0.,-1.));
#4014=DIRECTION('',(0.,1.,0.));
#4015=DIRECTION('',(0.,1.,0.));
#4016=DIRECTION('',(0.,0.,1.));
#4017=DIRECTION('',(0.,0.,1.));
#4018=DIRECTION('',(1.,0.,0.));
#4019=DIRECTION('',(0.,0.,1.));
#4020=DIRECTION('',(1.,0.,0.));
#4021=DIRECTION('',(0.,0.,1.));
#4022=DIRECTION('',(1.,0.,0.));
#4023=DIRECTION('',(0.,0.,1.));
#4024=DIRECTION('',(0.,1.,0.));
#4025=DIRECTION('',(0.,0.,1.));
#4026=DIRECTION('',(-1.,0.,0.));
#4027=DIRECTION('',(-1.,0.,0.));
#4028=DIRECTION('',(0.,0.,1.));
#4029=DIRECTION('',(0.,0.,1.));
#4030=DIRECTION('',(1.,0.,0.));
#4031=DIRECTION('',(0.,0.,1.));
#4032=DIRECTION('',(1.,0.,0.));
#4033=DIRECTION('',(0.,0.,1.));
#4034=DIRECTION('',(1.,0.,0.));
#4035=DIRECTION('',(0.,0.,1.));
#4036=DIRECTION('',(1.,0.,0.));
#4037=DIRECTION('',(0.,0.,-1.));
#4038=DIRECTION('',(0.,1.,0.));
#4039=DIRECTION('',(0.,1.,0.));
#4040=DIRECTION('',(0.,0.,1.));
#4041=DIRECTION('',(0.,0.,1.));
#4042=DIRECTION('',(1.,0.,0.));
#4043=DIRECTION('',(0.,0.,1.));
#4044=DIRECTION('',(1.,0.,0.));
#4045=DIRECTION('',(0.,0.,1.));
#4046=DIRECTION('',(1.,0.,0.));
#4047=DIRECTION('',(0.,0.,1.));
#4048=DIRECTION('',(0.,-1.,0.));
#4049=DIRECTION('',(0.,0.,-1.));
#4050=DIRECTION('',(1.,0.,0.));
#4051=DIRECTION('',(1.,0.,0.));
#4052=DIRECTION('',(0.,0.,1.));
#4053=DIRECTION('',(0.,0.,1.));
#4054=DIRECTION('',(1.,0.,0.));
#4055=DIRECTION('',(0.,0.,1.));
#4056=DIRECTION('',(1.,0.,0.));
#4057=DIRECTION('',(0.,0.,1.));
#4058=DIRECTION('',(1.,0.,0.));
#4059=DIRECTION('',(0.,0.,1.));
#4060=DIRECTION('',(-0.707106781186546,-0.707106781186549,0.));
#4061=DIRECTION('',(0.707106781186549,-0.707106781186546,0.));
#4062=DIRECTION('',(0.707106781186549,-0.707106781186546,0.));
#4063=DIRECTION('',(0.707106781186549,-0.707106781186546,0.));
#4064=DIRECTION('',(0.,0.,1.));
#4065=DIRECTION('',(0.,0.,1.));
#4066=DIRECTION('',(1.,0.,0.));
#4067=DIRECTION('',(0.,0.,1.));
#4068=DIRECTION('',(1.,0.,0.));
#4069=DIRECTION('',(0.,0.,1.));
#4070=DIRECTION('',(1.,0.,0.));
#4071=DIRECTION('',(0.,0.,1.));
#4072=DIRECTION('',(-1.,0.,0.));
#4073=DIRECTION('',(0.,0.,1.));
#4074=DIRECTION('',(0.,-1.,0.));
#4075=DIRECTION('',(0.,-1.,0.));
#4076=DIRECTION('',(0.,0.,1.));
#4077=DIRECTION('',(0.,0.,1.));
#4078=DIRECTION('',(1.,0.,0.));
#4079=DIRECTION('',(0.,0.,1.));
#4080=DIRECTION('',(1.,0.,0.));
#4081=DIRECTION('',(0.,0.,1.));
#4082=DIRECTION('',(1.,0.,0.));
#4083=DIRECTION('',(0.,0.,1.));
#4084=DIRECTION('',(-0.707106781186547,0.707106781186548,0.));
#4085=DIRECTION('',(-0.707106781186548,-0.707106781186547,0.));
#4086=DIRECTION('',(-0.707106781186548,-0.707106781186547,0.));
#4087=DIRECTION('',(-0.707106781186548,-0.707106781186547,0.));
#4088=DIRECTION('',(0.,0.,1.));
#4089=DIRECTION('',(0.,0.,1.));
#4090=DIRECTION('',(1.,0.,0.));
#4091=DIRECTION('',(0.,0.,1.));
#4092=DIRECTION('',(1.,0.,0.));
#4093=DIRECTION('',(0.,0.,1.));
#4094=DIRECTION('',(1.,0.,0.));
#4095=DIRECTION('',(0.,0.,1.));
#4096=DIRECTION('',(0.,1.,0.));
#4097=DIRECTION('',(0.,0.,1.));
#4098=DIRECTION('',(-1.,0.,0.));
#4099=DIRECTION('',(-1.,0.,0.));
#4100=DIRECTION('',(0.,0.,1.));
#4101=DIRECTION('',(0.,0.,1.));
#4102=DIRECTION('',(1.,0.,0.));
#4103=DIRECTION('',(0.,0.,1.));
#4104=DIRECTION('',(1.,0.,0.));
#4105=DIRECTION('',(0.,0.,1.));
#4106=DIRECTION('',(1.,0.,0.));
#4107=DIRECTION('',(0.,0.,1.));
#4108=DIRECTION('',(1.,0.,0.));
#4109=DIRECTION('',(0.,0.,-1.));
#4110=DIRECTION('',(0.,1.,0.));
#4111=DIRECTION('',(0.,1.,0.));
#4112=DIRECTION('',(0.,0.,1.));
#4113=DIRECTION('',(0.,0.,1.));
#4114=DIRECTION('',(1.,0.,0.));
#4115=DIRECTION('',(0.,0.,1.));
#4116=DIRECTION('',(1.,0.,0.));
#4117=DIRECTION('',(0.,0.,1.));
#4118=DIRECTION('',(1.,0.,0.));
#4119=DIRECTION('',(0.,0.,1.));
#4120=DIRECTION('',(0.,-1.,0.));
#4121=DIRECTION('',(0.,0.,-1.));
#4122=DIRECTION('',(1.,0.,0.));
#4123=DIRECTION('',(1.,0.,0.));
#4124=DIRECTION('',(0.,0.,1.));
#4125=DIRECTION('',(0.,0.,1.));
#4126=DIRECTION('',(1.,0.,0.));
#4127=DIRECTION('',(0.,0.,1.));
#4128=DIRECTION('',(1.,0.,0.));
#4129=DIRECTION('',(0.,0.,1.));
#4130=DIRECTION('',(1.,0.,0.));
#4131=DIRECTION('',(0.,0.,1.));
#4132=DIRECTION('',(1.,0.,0.));
#4133=DIRECTION('',(0.,0.,-1.));
#4134=DIRECTION('',(0.,1.,0.));
#4135=DIRECTION('',(0.,1.,0.));
#4136=DIRECTION('',(0.,0.,1.));
#4137=DIRECTION('',(0.,0.,1.));
#4138=DIRECTION('',(1.,0.,0.));
#4139=DIRECTION('',(0.,0.,1.));
#4140=DIRECTION('',(1.,0.,0.));
#4141=DIRECTION('',(0.,0.,1.));
#4142=DIRECTION('',(1.,0.,0.));
#4143=DIRECTION('',(0.,0.,1.));
#4144=DIRECTION('',(0.,0.,1.));
#4145=DIRECTION('',(1.,0.,0.));
#4146=DIRECTION('',(0.,0.,1.));
#4147=DIRECTION('',(1.,0.,0.));
#4148=DIRECTION('',(0.,0.,1.));
#4149=DIRECTION('',(0.,0.,1.));
#4150=DIRECTION('',(1.,0.,0.));
#4151=DIRECTION('',(0.,0.,1.));
#4152=DIRECTION('',(0.,1.,0.));
#4153=DIRECTION('',(0.,0.,1.));
#4154=DIRECTION('',(-1.,0.,0.));
#4155=DIRECTION('',(-1.,0.,0.));
#4156=DIRECTION('',(0.,0.,1.));
#4157=DIRECTION('',(0.,0.,1.));
#4158=DIRECTION('',(1.,0.,0.));
#4159=DIRECTION('',(0.,0.,1.));
#4160=DIRECTION('',(1.,0.,0.));
#4161=DIRECTION('',(0.,0.,1.));
#4162=DIRECTION('',(1.,0.,0.));
#4163=DIRECTION('',(0.,0.,1.));
#4164=DIRECTION('',(1.,0.,0.));
#4165=DIRECTION('',(0.,0.,-1.));
#4166=DIRECTION('',(0.,1.,0.));
#4167=DIRECTION('',(0.,1.,0.));
#4168=DIRECTION('',(0.,0.,1.));
#4169=DIRECTION('',(0.,0.,1.));
#4170=DIRECTION('',(1.,0.,0.));
#4171=DIRECTION('',(0.,0.,1.));
#4172=DIRECTION('',(1.,0.,0.));
#4173=DIRECTION('',(0.,0.,1.));
#4174=DIRECTION('',(1.,0.,0.));
#4175=DIRECTION('',(0.,0.,1.));
#4176=DIRECTION('',(0.,-1.,0.));
#4177=DIRECTION('',(0.,0.,-1.));
#4178=DIRECTION('',(1.,0.,0.));
#4179=DIRECTION('',(1.,0.,0.));
#4180=DIRECTION('',(0.,0.,1.));
#4181=DIRECTION('',(0.,0.,1.));
#4182=DIRECTION('',(1.,0.,0.));
#4183=DIRECTION('',(0.,0.,1.));
#4184=DIRECTION('',(1.,0.,0.));
#4185=DIRECTION('',(0.,0.,1.));
#4186=DIRECTION('',(1.,0.,0.));
#4187=DIRECTION('',(0.,0.,1.));
#4188=DIRECTION('',(0.,0.,1.));
#4189=DIRECTION('',(1.,0.,0.));
#4190=DIRECTION('',(0.,0.,1.));
#4191=DIRECTION('',(1.,0.,0.));
#4192=DIRECTION('',(0.,0.,1.));
#4193=DIRECTION('',(0.,0.,1.));
#4194=DIRECTION('',(1.,0.,0.));
#4195=DIRECTION('',(0.,0.,1.));
#4196=DIRECTION('',(0.,1.,0.));
#4197=DIRECTION('',(0.,0.,1.));
#4198=DIRECTION('',(-1.,0.,0.));
#4199=DIRECTION('',(-1.,0.,0.));
#4200=DIRECTION('',(0.,0.,1.));
#4201=DIRECTION('',(0.,0.,1.));
#4202=DIRECTION('',(1.,0.,0.));
#4203=DIRECTION('',(0.,0.,1.));
#4204=DIRECTION('',(1.,0.,0.));
#4205=DIRECTION('',(0.,0.,1.));
#4206=DIRECTION('',(1.,0.,0.));
#4207=DIRECTION('',(0.,0.,1.));
#4208=DIRECTION('',(1.,0.,0.));
#4209=DIRECTION('',(0.,0.,-1.));
#4210=DIRECTION('',(0.,1.,0.));
#4211=DIRECTION('',(0.,1.,0.));
#4212=DIRECTION('',(0.,0.,1.));
#4213=DIRECTION('',(0.,0.,1.));
#4214=DIRECTION('',(1.,0.,0.));
#4215=DIRECTION('',(0.,0.,1.));
#4216=DIRECTION('',(1.,0.,0.));
#4217=DIRECTION('',(0.,0.,1.));
#4218=DIRECTION('',(1.,0.,0.));
#4219=DIRECTION('',(0.,0.,1.));
#4220=DIRECTION('',(0.,-1.,0.));
#4221=DIRECTION('',(0.,0.,-1.));
#4222=DIRECTION('',(1.,0.,0.));
#4223=DIRECTION('',(1.,0.,0.));
#4224=DIRECTION('',(0.,0.,1.));
#4225=DIRECTION('',(0.,0.,1.));
#4226=DIRECTION('',(1.,0.,0.));
#4227=DIRECTION('',(0.,0.,1.));
#4228=DIRECTION('',(1.,0.,0.));
#4229=DIRECTION('',(0.,0.,1.));
#4230=DIRECTION('',(1.,0.,0.));
#4231=DIRECTION('',(0.,0.,1.));
#4232=DIRECTION('',(-1.,0.,0.));
#4233=DIRECTION('',(0.,0.,1.));
#4234=DIRECTION('',(0.,-1.,0.));
#4235=DIRECTION('',(0.,0.,1.));
#4236=DIRECTION('',(0.,-1.,0.));
#4237=DIRECTION('',(0.,0.,1.));
#4238=DIRECTION('',(0.,0.,1.));
#4239=DIRECTION('',(1.,0.,0.));
#4240=DIRECTION('',(0.,0.,1.));
#4241=DIRECTION('',(1.,0.,0.));
#4242=DIRECTION('',(0.,0.,1.));
#4243=DIRECTION('',(1.,0.,0.));
#4244=DIRECTION('',(0.,0.,1.));
#4245=DIRECTION('',(0.,1.,0.));
#4246=DIRECTION('',(0.,0.,1.));
#4247=DIRECTION('',(-1.,0.,0.));
#4248=DIRECTION('',(-1.,0.,0.));
#4249=DIRECTION('',(0.,0.,1.));
#4250=DIRECTION('',(0.,0.,1.));
#4251=DIRECTION('',(1.,0.,0.));
#4252=DIRECTION('',(0.,0.,1.));
#4253=DIRECTION('',(1.,0.,0.));
#4254=DIRECTION('',(0.,0.,1.));
#4255=DIRECTION('',(1.,0.,0.));
#4256=DIRECTION('',(0.,0.,1.));
#4257=DIRECTION('',(1.,0.,0.));
#4258=DIRECTION('',(0.,0.,-1.));
#4259=DIRECTION('',(0.,1.,0.));
#4260=DIRECTION('',(0.,1.,0.));
#4261=DIRECTION('',(0.,0.,1.));
#4262=DIRECTION('',(0.,0.,1.));
#4263=DIRECTION('',(1.,0.,0.));
#4264=DIRECTION('',(0.,0.,1.));
#4265=DIRECTION('',(1.,0.,0.));
#4266=DIRECTION('',(0.,0.,1.));
#4267=DIRECTION('',(1.,0.,0.));
#4268=DIRECTION('',(0.,0.,1.));
#4269=DIRECTION('',(0.,-1.,0.));
#4270=DIRECTION('',(0.,0.,-1.));
#4271=DIRECTION('',(1.,0.,0.));
#4272=DIRECTION('',(1.,0.,0.));
#4273=DIRECTION('',(0.,0.,1.));
#4274=DIRECTION('',(-1.,0.,0.));
#4275=DIRECTION('',(0.,0.,1.));
#4276=DIRECTION('',(0.,-1.,0.));
#4277=DIRECTION('',(0.,0.,1.));
#4278=DIRECTION('',(0.,-1.,0.));
#4279=DIRECTION('',(0.,0.,1.));
#4280=DIRECTION('',(0.,0.,1.));
#4281=DIRECTION('',(1.,0.,0.));
#4282=DIRECTION('',(0.,0.,1.));
#4283=DIRECTION('',(1.,0.,0.));
#4284=DIRECTION('',(0.,0.,1.));
#4285=DIRECTION('',(1.,0.,0.));
#4286=DIRECTION('',(0.,0.,1.));
#4287=DIRECTION('',(0.,1.,0.));
#4288=DIRECTION('',(0.,0.,1.));
#4289=DIRECTION('',(-1.,0.,0.));
#4290=DIRECTION('',(-1.,0.,0.));
#4291=DIRECTION('',(0.,0.,1.));
#4292=DIRECTION('',(0.,0.,1.));
#4293=DIRECTION('',(1.,0.,0.));
#4294=DIRECTION('',(0.,0.,1.));
#4295=DIRECTION('',(1.,0.,0.));
#4296=DIRECTION('',(0.,0.,1.));
#4297=DIRECTION('',(1.,0.,0.));
#4298=DIRECTION('',(0.,0.,1.));
#4299=DIRECTION('',(1.,0.,0.));
#4300=DIRECTION('',(0.,0.,-1.));
#4301=DIRECTION('',(0.,1.,0.));
#4302=DIRECTION('',(0.,1.,0.));
#4303=DIRECTION('',(0.,0.,1.));
#4304=DIRECTION('',(0.,0.,1.));
#4305=DIRECTION('',(1.,0.,0.));
#4306=DIRECTION('',(0.,0.,1.));
#4307=DIRECTION('',(1.,0.,0.));
#4308=DIRECTION('',(0.,0.,1.));
#4309=DIRECTION('',(1.,0.,0.));
#4310=DIRECTION('',(0.,0.,1.));
#4311=DIRECTION('',(0.,-1.,0.));
#4312=DIRECTION('',(0.,0.,-1.));
#4313=DIRECTION('',(1.,0.,0.));
#4314=DIRECTION('',(1.,0.,0.));
#4315=DIRECTION('',(0.,0.,1.));
#4316=DIRECTION('',(-1.,0.,0.));
#4317=DIRECTION('',(0.,0.,1.));
#4318=DIRECTION('',(0.,-1.,0.));
#4319=DIRECTION('',(0.,-1.,0.));
#4320=DIRECTION('',(-1.,0.,0.));
#4321=DIRECTION('',(0.,0.,1.));
#4322=DIRECTION('',(0.,-1.,0.));
#4323=DIRECTION('',(0.,-1.,0.));
#4324=DIRECTION('',(0.,0.,1.));
#4325=DIRECTION('',(1.,0.,0.));
#4326=DIRECTION('',(0.,0.,1.));
#4327=DIRECTION('',(1.,0.,0.));
#4328=DIRECTION('',(0.,0.,1.));
#4329=DIRECTION('',(1.,0.,0.));
#4330=DIRECTION('',(0.,0.,1.));
#4331=DIRECTION('',(1.,0.,0.));
#4332=DIRECTION('',(0.,0.,1.));
#4333=DIRECTION('',(1.,0.,0.));
#4334=DIRECTION('',(0.,0.,1.));
#4335=DIRECTION('',(1.,0.,0.));
#4336=DIRECTION('',(0.,0.,1.));
#4337=DIRECTION('',(1.,0.,0.));
#4338=DIRECTION('',(0.,0.,1.));
#4339=DIRECTION('',(1.,0.,0.));
#4340=DIRECTION('',(0.,0.,1.));
#4341=DIRECTION('',(1.,0.,0.));
#4342=DIRECTION('',(0.,1.,0.));
#4343=DIRECTION('',(0.,0.,1.));
#4344=DIRECTION('',(-1.,0.,0.));
#4345=DIRECTION('',(-1.,0.,0.));
#4346=DIRECTION('',(0.,0.,1.));
#4347=DIRECTION('',(1.,0.,0.));
#4348=DIRECTION('',(0.,0.,1.));
#4349=DIRECTION('',(1.,0.,0.));
#4350=CARTESIAN_POINT('',(0.,0.,0.));
#4351=CARTESIAN_POINT('',(-14.,-3.99999999999999,-100.));
#4352=CARTESIAN_POINT('',(-14.,-3.99999999999999,0.));
#4353=CARTESIAN_POINT('',(-14.,-3.,0.));
#4354=CARTESIAN_POINT('',(-15.,-4.,0.));
#4355=CARTESIAN_POINT('',(-14.,-3.,-100.));
#4356=CARTESIAN_POINT('',(-14.,-3.,-100.));
#4357=CARTESIAN_POINT('',(-14.,-3.99999999999999,-100.));
#4358=CARTESIAN_POINT('',(-15.,-4.,-100.));
#4359=CARTESIAN_POINT('',(-15.,-4.,-100.));
#4360=CARTESIAN_POINT('',(-15.,-4.,-100.));
#4361=CARTESIAN_POINT('',(-15.,-4.,0.));
#4362=CARTESIAN_POINT('',(-15.,-12.,0.));
#4363=CARTESIAN_POINT('',(-15.,-4.,-100.));
#4364=CARTESIAN_POINT('',(-15.,-12.,-100.));
#4365=CARTESIAN_POINT('',(-15.,-12.,-100.));
#4366=CARTESIAN_POINT('',(-12.,-12.,-100.));
#4367=CARTESIAN_POINT('',(-12.,-12.,0.));
#4368=CARTESIAN_POINT('',(-12.,-15.,0.));
#4369=CARTESIAN_POINT('',(-12.,-12.,-100.));
#4370=CARTESIAN_POINT('',(-12.,-15.,-100.));
#4371=CARTESIAN_POINT('',(-12.,-15.,-100.));
#4372=CARTESIAN_POINT('',(-12.,-15.,-100.));
#4373=CARTESIAN_POINT('',(-12.,-15.,0.));
#4374=CARTESIAN_POINT('',(-4.,-15.,0.));
#4375=CARTESIAN_POINT('',(-12.,-15.,-100.));
#4376=CARTESIAN_POINT('',(-4.,-15.,-100.));
#4377=CARTESIAN_POINT('',(-4.,-15.,-100.));
#4378=CARTESIAN_POINT('',(-4.,-14.,-100.));
#4379=CARTESIAN_POINT('',(-4.,-14.,0.));
#4380=CARTESIAN_POINT('',(-3.,-14.,0.));
#4381=CARTESIAN_POINT('',(-4.,-14.,-100.));
#4382=CARTESIAN_POINT('',(-3.,-14.,-100.));
#4383=CARTESIAN_POINT('',(-3.,-14.,-100.));
#4384=CARTESIAN_POINT('',(-3.,-14.,-100.));
#4385=CARTESIAN_POINT('',(-3.,-14.,0.));
#4386=CARTESIAN_POINT('',(-3.,-13.,0.));
#4387=CARTESIAN_POINT('',(-3.,-14.,-100.));
#4388=CARTESIAN_POINT('',(-3.,-13.,-100.));
#4389=CARTESIAN_POINT('',(-3.,-13.,-100.));
#4390=CARTESIAN_POINT('',(-4.,-13.,-100.));
#4391=CARTESIAN_POINT('',(-4.,-13.,0.));
#4392=CARTESIAN_POINT('',(-4.,-12.,0.));
#4393=CARTESIAN_POINT('',(-4.,-13.,-100.));
#4394=CARTESIAN_POINT('',(-4.,-12.,-100.));
#4395=CARTESIAN_POINT('',(-4.,-12.,-100.));
#4396=CARTESIAN_POINT('',(-4.,-12.,-100.));
#4397=CARTESIAN_POINT('',(-4.,-12.,0.));
#4398=CARTESIAN_POINT('',(-5.3,-12.,0.));
#4399=CARTESIAN_POINT('',(-4.,-12.,-100.));
#4400=CARTESIAN_POINT('',(-5.3,-12.,-100.));
#4401=CARTESIAN_POINT('',(-5.3,-12.,-100.));
#4402=CARTESIAN_POINT('',(-5.3,-12.3,-100.));
#4403=CARTESIAN_POINT('',(-5.3,-12.3,0.));
#4404=CARTESIAN_POINT('',(-5.6,-12.3,0.));
#4405=CARTESIAN_POINT('',(-5.3,-12.3,-100.));
#4406=CARTESIAN_POINT('',(-5.6,-12.3,-100.));
#4407=CARTESIAN_POINT('',(-5.6,-12.3,-100.));
#4408=CARTESIAN_POINT('',(-5.6,-12.3,-100.));
#4409=CARTESIAN_POINT('',(-5.6,-12.3,0.));
#4410=CARTESIAN_POINT('',(-5.6,-13.2,0.));
#4411=CARTESIAN_POINT('',(-5.6,-12.3,-100.));
#4412=CARTESIAN_POINT('',(-5.6,-13.2,-100.));
#4413=CARTESIAN_POINT('',(-5.6,-13.2,-100.));
#4414=CARTESIAN_POINT('',(-5.9,-13.2,-100.));
#4415=CARTESIAN_POINT('',(-5.9,-13.2,0.));
#4416=CARTESIAN_POINT('',(-5.9,-13.5,0.));
#4417=CARTESIAN_POINT('',(-5.9,-13.2,-100.));
#4418=CARTESIAN_POINT('',(-5.9,-13.5,-100.));
#4419=CARTESIAN_POINT('',(-5.9,-13.5,-100.));
#4420=CARTESIAN_POINT('',(-5.9,-13.5,-100.));
#4421=CARTESIAN_POINT('',(-5.9,-13.5,0.));
#4422=CARTESIAN_POINT('',(-7.15,-13.5,0.));
#4423=CARTESIAN_POINT('',(-5.9,-13.5,-100.));
#4424=CARTESIAN_POINT('',(-7.15,-13.5,-100.));
#4425=CARTESIAN_POINT('',(-7.15,-13.5,-100.));
#4426=CARTESIAN_POINT('',(-7.15,-12.5,-100.));
#4427=CARTESIAN_POINT('',(-7.15,-12.5,0.));
#4428=CARTESIAN_POINT('',(-8.15,-12.5,0.));
#4429=CARTESIAN_POINT('',(-7.15,-12.5,-100.));
#4430=CARTESIAN_POINT('',(-8.15,-12.5,-100.));
#4431=CARTESIAN_POINT('',(-8.15,-12.5,-100.));
#4432=CARTESIAN_POINT('',(-8.15,-12.5,-100.));
#4433=CARTESIAN_POINT('',(-8.15,-12.5,0.));
#4434=CARTESIAN_POINT('',(-8.15,-10.8068542494924,0.));
#4435=CARTESIAN_POINT('',(-8.15,-12.5,-100.));
#4436=CARTESIAN_POINT('',(-8.15,-10.8068542494924,-100.));
#4437=CARTESIAN_POINT('',(-8.15,-10.8068542494924,-100.));
#4438=CARTESIAN_POINT('',(-5.15000000000001,-10.8068542494924,-100.));
#4439=CARTESIAN_POINT('',(-5.15000000000001,-10.8068542494924,0.));
#4440=CARTESIAN_POINT('',(-7.27132034355965,-8.68553390593275,0.));
#4441=CARTESIAN_POINT('',(-5.15000000000001,-10.8068542494924,-100.));
#4442=CARTESIAN_POINT('',(-7.27132034355965,-8.68553390593275,-100.));
#4443=CARTESIAN_POINT('',(-7.27132034355965,-8.68553390593275,-100.));
#4444=CARTESIAN_POINT('',(-7.27132034355965,-8.68553390593275,-100.));
#4445=CARTESIAN_POINT('',(-7.27132034355965,-8.68553390593275,0.));
#4446=CARTESIAN_POINT('',(-4.71446609406727,-6.12867965644036,0.));
#4447=CARTESIAN_POINT('',(-7.27132034355965,-8.68553390593275,-100.));
#4448=CARTESIAN_POINT('',(-4.71446609406727,-6.12867965644036,-100.));
#4449=CARTESIAN_POINT('',(-4.71446609406727,-6.12867965644036,-100.));
#4450=CARTESIAN_POINT('',(-2.59314575050762,-8.25,-100.));
#4451=CARTESIAN_POINT('',(-2.59314575050762,-8.25,0.));
#4452=CARTESIAN_POINT('',(-2.59314575050762,-5.25,0.));
#4453=CARTESIAN_POINT('',(-2.59314575050762,-8.25,-100.));
#4454=CARTESIAN_POINT('',(-2.59314575050762,-5.25,-100.));
#4455=CARTESIAN_POINT('',(-2.59314575050762,-5.25,-100.));
#4456=CARTESIAN_POINT('',(-2.59314575050762,-5.25,-100.));
#4457=CARTESIAN_POINT('',(-2.59314575050762,-5.25,0.));
#4458=CARTESIAN_POINT('',(2.59314575050762,-5.25,0.));
#4459=CARTESIAN_POINT('',(-2.59314575050762,-5.25,-100.));
#4460=CARTESIAN_POINT('',(2.59314575050762,-5.25,-100.));
#4461=CARTESIAN_POINT('',(2.59314575050762,-5.25,-100.));
#4462=CARTESIAN_POINT('',(2.59314575050762,-8.25000000000001,-100.));
#4463=CARTESIAN_POINT('',(2.59314575050762,-8.25000000000001,0.));
#4464=CARTESIAN_POINT('',(4.71446609406726,-6.12867965644036,0.));
#4465=CARTESIAN_POINT('',(2.59314575050762,-8.25000000000001,-100.));
#4466=CARTESIAN_POINT('',(4.71446609406726,-6.12867965644036,-100.));
#4467=CARTESIAN_POINT('',(4.71446609406726,-6.12867965644036,-100.));
#4468=CARTESIAN_POINT('',(4.71446609406726,-6.12867965644036,-100.));
#4469=CARTESIAN_POINT('',(4.71446609406726,-6.12867965644036,0.));
#4470=CARTESIAN_POINT('',(7.27132034355964,-8.68553390593274,0.));
#4471=CARTESIAN_POINT('',(4.71446609406726,-6.12867965644036,-100.));
#4472=CARTESIAN_POINT('',(7.27132034355964,-8.68553390593274,-100.));
#4473=CARTESIAN_POINT('',(7.27132034355964,-8.68553390593274,-100.));
#4474=CARTESIAN_POINT('',(5.15000000000001,-10.8068542494924,-100.));
#4475=CARTESIAN_POINT('',(5.15000000000001,-10.8068542494924,0.));
#4476=CARTESIAN_POINT('',(8.15,-10.8068542494924,0.));
#4477=CARTESIAN_POINT('',(5.15000000000001,-10.8068542494924,-100.));
#4478=CARTESIAN_POINT('',(8.15,-10.8068542494924,-100.));
#4479=CARTESIAN_POINT('',(8.15,-10.8068542494924,-100.));
#4480=CARTESIAN_POINT('',(8.15,-10.8068542494924,-100.));
#4481=CARTESIAN_POINT('',(8.15,-10.8068542494924,0.));
#4482=CARTESIAN_POINT('',(8.15,-12.5,0.));
#4483=CARTESIAN_POINT('',(8.15,-10.8068542494924,-100.));
#4484=CARTESIAN_POINT('',(8.15,-12.5,-100.));
#4485=CARTESIAN_POINT('',(8.15,-12.5,-100.));
#4486=CARTESIAN_POINT('',(7.15,-12.5,-100.));
#4487=CARTESIAN_POINT('',(7.15,-12.5,0.));
#4488=CARTESIAN_POINT('',(7.15,-13.5,0.));
#4489=CARTESIAN_POINT('',(7.15,-12.5,-100.));
#4490=CARTESIAN_POINT('',(7.15,-13.5,-100.));
#4491=CARTESIAN_POINT('',(7.15,-13.5,-100.));
#4492=CARTESIAN_POINT('',(7.15,-13.5,-100.));
#4493=CARTESIAN_POINT('',(7.15,-13.5,0.));
#4494=CARTESIAN_POINT('',(5.9,-13.5,0.));
#4495=CARTESIAN_POINT('',(7.15,-13.5,-100.));
#4496=CARTESIAN_POINT('',(5.9,-13.5,-100.));
#4497=CARTESIAN_POINT('',(5.9,-13.5,-100.));
#4498=CARTESIAN_POINT('',(5.9,-13.2,-100.));
#4499=CARTESIAN_POINT('',(5.9,-13.2,0.));
#4500=CARTESIAN_POINT('',(5.6,-13.2,0.));
#4501=CARTESIAN_POINT('',(5.9,-13.2,-100.));
#4502=CARTESIAN_POINT('',(5.6,-13.2,-100.));
#4503=CARTESIAN_POINT('',(5.6,-13.2,-100.));
#4504=CARTESIAN_POINT('',(5.6,-13.2,-100.));
#4505=CARTESIAN_POINT('',(5.6,-13.2,0.));
#4506=CARTESIAN_POINT('',(5.6,-12.3,0.));
#4507=CARTESIAN_POINT('',(5.6,-13.2,-100.));
#4508=CARTESIAN_POINT('',(5.6,-12.3,-100.));
#4509=CARTESIAN_POINT('',(5.6,-12.3,-100.));
#4510=CARTESIAN_POINT('',(5.3,-12.3,-100.));
#4511=CARTESIAN_POINT('',(5.3,-12.3,0.));
#4512=CARTESIAN_POINT('',(5.3,-12.,0.));
#4513=CARTESIAN_POINT('',(5.3,-12.3,-100.));
#4514=CARTESIAN_POINT('',(5.3,-12.,-100.));
#4515=CARTESIAN_POINT('',(5.3,-12.,-100.));
#4516=CARTESIAN_POINT('',(5.3,-12.,-100.));
#4517=CARTESIAN_POINT('',(5.3,-12.,0.));
#4518=CARTESIAN_POINT('',(4.,-12.,0.));
#4519=CARTESIAN_POINT('',(5.3,-12.,-100.));
#4520=CARTESIAN_POINT('',(4.,-12.,-100.));
#4521=CARTESIAN_POINT('',(4.,-12.,-100.));
#4522=CARTESIAN_POINT('',(4.,-13.,-100.));
#4523=CARTESIAN_POINT('',(4.,-13.,0.));
#4524=CARTESIAN_POINT('',(3.,-13.,0.));
#4525=CARTESIAN_POINT('',(4.,-13.,-100.));
#4526=CARTESIAN_POINT('',(3.,-13.,-100.));
#4527=CARTESIAN_POINT('',(3.,-13.,-100.));
#4528=CARTESIAN_POINT('',(3.,-13.,-100.));
#4529=CARTESIAN_POINT('',(3.,-13.,0.));
#4530=CARTESIAN_POINT('',(3.,-14.,0.));
#4531=CARTESIAN_POINT('',(3.,-13.,-100.));
#4532=CARTESIAN_POINT('',(3.,-14.,-100.));
#4533=CARTESIAN_POINT('',(3.,-14.,-100.));
#4534=CARTESIAN_POINT('',(4.,-14.,-100.));
#4535=CARTESIAN_POINT('',(4.,-14.,0.));
#4536=CARTESIAN_POINT('',(4.,-15.,0.));
#4537=CARTESIAN_POINT('',(4.,-14.,-100.));
#4538=CARTESIAN_POINT('',(4.,-15.,-100.));
#4539=CARTESIAN_POINT('',(4.,-15.,-100.));
#4540=CARTESIAN_POINT('',(4.,-15.,-100.));
#4541=CARTESIAN_POINT('',(4.,-15.,0.));
#4542=CARTESIAN_POINT('',(12.,-15.,0.));
#4543=CARTESIAN_POINT('',(4.,-15.,-100.));
#4544=CARTESIAN_POINT('',(12.,-15.,-100.));
#4545=CARTESIAN_POINT('',(12.,-15.,-100.));
#4546=CARTESIAN_POINT('',(12.,-12.,-100.));
#4547=CARTESIAN_POINT('',(12.,-12.,0.));
#4548=CARTESIAN_POINT('',(15.,-12.,0.));
#4549=CARTESIAN_POINT('',(12.,-12.,-100.));
#4550=CARTESIAN_POINT('',(15.,-12.,-100.));
#4551=CARTESIAN_POINT('',(15.,-12.,-100.));
#4552=CARTESIAN_POINT('',(15.,-12.,-100.));
#4553=CARTESIAN_POINT('',(15.,-12.,0.));
#4554=CARTESIAN_POINT('',(15.,-4.,0.));
#4555=CARTESIAN_POINT('',(15.,-12.,-100.));
#4556=CARTESIAN_POINT('',(15.,-4.,-100.));
#4557=CARTESIAN_POINT('',(15.,-4.,-100.));
#4558=CARTESIAN_POINT('',(14.,-4.,-100.));
#4559=CARTESIAN_POINT('',(14.,-4.,0.));
#4560=CARTESIAN_POINT('',(14.,-3.,0.));
#4561=CARTESIAN_POINT('',(14.,-4.,-100.));
#4562=CARTESIAN_POINT('',(14.,-3.,-100.));
#4563=CARTESIAN_POINT('',(14.,-3.,-100.));
#4564=CARTESIAN_POINT('',(14.,-3.,-100.));
#4565=CARTESIAN_POINT('',(14.,-3.,0.));
#4566=CARTESIAN_POINT('',(13.,-3.,0.));
#4567=CARTESIAN_POINT('',(14.,-3.,-100.));
#4568=CARTESIAN_POINT('',(13.,-3.,-100.));
#4569=CARTESIAN_POINT('',(13.,-3.,-100.));
#4570=CARTESIAN_POINT('',(13.,-4.,-100.));
#4571=CARTESIAN_POINT('',(13.,-4.,0.));
#4572=CARTESIAN_POINT('',(12.,-4.,0.));
#4573=CARTESIAN_POINT('',(13.,-4.,-100.));
#4574=CARTESIAN_POINT('',(12.,-4.,-100.));
#4575=CARTESIAN_POINT('',(12.,-4.,-100.));
#4576=CARTESIAN_POINT('',(12.,-4.,-100.));
#4577=CARTESIAN_POINT('',(12.,-4.,0.));
#4578=CARTESIAN_POINT('',(12.,-5.3,0.));
#4579=CARTESIAN_POINT('',(12.,-4.,-100.));
#4580=CARTESIAN_POINT('',(12.,-5.3,-100.));
#4581=CARTESIAN_POINT('',(12.,-5.3,-100.));
#4582=CARTESIAN_POINT('',(12.3,-5.3,-100.));
#4583=CARTESIAN_POINT('',(12.3,-5.3,0.));
#4584=CARTESIAN_POINT('',(12.3,-5.6,0.));
#4585=CARTESIAN_POINT('',(12.3,-5.3,-100.));
#4586=CARTESIAN_POINT('',(12.3,-5.6,-100.));
#4587=CARTESIAN_POINT('',(12.3,-5.6,-100.));
#4588=CARTESIAN_POINT('',(12.3,-5.6,-100.));
#4589=CARTESIAN_POINT('',(12.3,-5.6,0.));
#4590=CARTESIAN_POINT('',(13.2,-5.6,0.));
#4591=CARTESIAN_POINT('',(12.3,-5.6,-100.));
#4592=CARTESIAN_POINT('',(13.2,-5.6,-100.));
#4593=CARTESIAN_POINT('',(13.2,-5.6,-100.));
#4594=CARTESIAN_POINT('',(13.2,-5.9,-100.));
#4595=CARTESIAN_POINT('',(13.2,-5.9,0.));
#4596=CARTESIAN_POINT('',(13.5,-5.9,0.));
#4597=CARTESIAN_POINT('',(13.2,-5.9,-100.));
#4598=CARTESIAN_POINT('',(13.5,-5.9,-100.));
#4599=CARTESIAN_POINT('',(13.5,-5.9,-100.));
#4600=CARTESIAN_POINT('',(13.5,-5.9,-100.));
#4601=CARTESIAN_POINT('',(13.5,-5.9,0.));
#4602=CARTESIAN_POINT('',(13.5,-7.15,0.));
#4603=CARTESIAN_POINT('',(13.5,-5.9,-100.));
#4604=CARTESIAN_POINT('',(13.5,-7.15,-100.));
#4605=CARTESIAN_POINT('',(13.5,-7.15,-100.));
#4606=CARTESIAN_POINT('',(12.5,-7.15,-100.));
#4607=CARTESIAN_POINT('',(12.5,-7.15,0.));
#4608=CARTESIAN_POINT('',(12.5,-8.15,0.));
#4609=CARTESIAN_POINT('',(12.5,-7.15,-100.));
#4610=CARTESIAN_POINT('',(12.5,-8.15,-100.));
#4611=CARTESIAN_POINT('',(12.5,-8.15,-100.));
#4612=CARTESIAN_POINT('',(12.5,-8.15,-100.));
#4613=CARTESIAN_POINT('',(12.5,-8.15,0.));
#4614=CARTESIAN_POINT('',(10.8068542494924,-8.15,0.));
#4615=CARTESIAN_POINT('',(12.5,-8.15,-100.));
#4616=CARTESIAN_POINT('',(10.8068542494924,-8.15,-100.));
#4617=CARTESIAN_POINT('',(10.8068542494924,-8.15,-100.));
#4618=CARTESIAN_POINT('',(10.8068542494924,-5.15000000000001,-100.));
#4619=CARTESIAN_POINT('',(10.8068542494924,-5.15000000000001,0.));
#4620=CARTESIAN_POINT('',(8.68553390593275,-7.27132034355965,0.));
#4621=CARTESIAN_POINT('',(10.8068542494924,-5.15000000000001,-100.));
#4622=CARTESIAN_POINT('',(8.68553390593275,-7.27132034355965,-100.));
#4623=CARTESIAN_POINT('',(8.68553390593275,-7.27132034355965,-100.));
#4624=CARTESIAN_POINT('',(8.68553390593275,-7.27132034355965,-100.));
#4625=CARTESIAN_POINT('',(8.68553390593275,-7.27132034355965,0.));
#4626=CARTESIAN_POINT('',(6.12867965644036,-4.71446609406727,0.));
#4627=CARTESIAN_POINT('',(8.68553390593275,-7.27132034355965,-100.));
#4628=CARTESIAN_POINT('',(6.12867965644036,-4.71446609406727,-100.));
#4629=CARTESIAN_POINT('',(6.12867965644036,-4.71446609406727,-100.));
#4630=CARTESIAN_POINT('',(8.25,-2.59314575050762,-100.));
#4631=CARTESIAN_POINT('',(8.25,-2.59314575050762,0.));
#4632=CARTESIAN_POINT('',(5.25,-2.59314575050762,0.));
#4633=CARTESIAN_POINT('',(8.25,-2.59314575050762,-100.));
#4634=CARTESIAN_POINT('',(5.25,-2.59314575050762,-100.));
#4635=CARTESIAN_POINT('',(5.25,-2.59314575050762,-100.));
#4636=CARTESIAN_POINT('',(5.25,-2.59314575050762,-100.));
#4637=CARTESIAN_POINT('',(5.25,-2.59314575050762,0.));
#4638=CARTESIAN_POINT('',(5.25,2.59314575050762,0.));
#4639=CARTESIAN_POINT('',(5.25,-2.59314575050762,-100.));
#4640=CARTESIAN_POINT('',(5.25,2.59314575050762,-100.));
#4641=CARTESIAN_POINT('',(5.25,2.59314575050762,-100.));
#4642=CARTESIAN_POINT('',(8.25,2.59314575050762,-100.));
#4643=CARTESIAN_POINT('',(8.25,2.59314575050762,0.));
#4644=CARTESIAN_POINT('',(6.12867965644036,4.71446609406726,0.));
#4645=CARTESIAN_POINT('',(8.25,2.59314575050762,-100.));
#4646=CARTESIAN_POINT('',(6.12867965644036,4.71446609406726,-100.));
#4647=CARTESIAN_POINT('',(6.12867965644036,4.71446609406726,-100.));
#4648=CARTESIAN_POINT('',(6.12867965644036,4.71446609406726,-100.));
#4649=CARTESIAN_POINT('',(6.12867965644036,4.71446609406726,0.));
#4650=CARTESIAN_POINT('',(8.68553390593274,7.27132034355964,0.));
#4651=CARTESIAN_POINT('',(6.12867965644036,4.71446609406726,-100.));
#4652=CARTESIAN_POINT('',(8.68553390593274,7.27132034355964,-100.));
#4653=CARTESIAN_POINT('',(8.68553390593274,7.27132034355964,-100.));
#4654=CARTESIAN_POINT('',(10.8068542494924,5.15,-100.));
#4655=CARTESIAN_POINT('',(10.8068542494924,5.15,0.));
#4656=CARTESIAN_POINT('',(10.8068542494924,8.15,0.));
#4657=CARTESIAN_POINT('',(10.8068542494924,5.15,-100.));
#4658=CARTESIAN_POINT('',(10.8068542494924,8.15,-100.));
#4659=CARTESIAN_POINT('',(10.8068542494924,8.15,-100.));
#4660=CARTESIAN_POINT('',(10.8068542494924,8.15,-100.));
#4661=CARTESIAN_POINT('',(10.8068542494924,8.15,0.));
#4662=CARTESIAN_POINT('',(12.5,8.15,0.));
#4663=CARTESIAN_POINT('',(10.8068542494924,8.15,-100.));
#4664=CARTESIAN_POINT('',(12.5,8.15,-100.));
#4665=CARTESIAN_POINT('',(12.5,8.15,-100.));
#4666=CARTESIAN_POINT('',(12.5,7.15,-100.));
#4667=CARTESIAN_POINT('',(12.5,7.15,0.));
#4668=CARTESIAN_POINT('',(13.5,7.15,0.));
#4669=CARTESIAN_POINT('',(12.5,7.15,-100.));
#4670=CARTESIAN_POINT('',(13.5,7.15,-100.));
#4671=CARTESIAN_POINT('',(13.5,7.15,-100.));
#4672=CARTESIAN_POINT('',(13.5,7.15,-100.));
#4673=CARTESIAN_POINT('',(13.5,7.15,0.));
#4674=CARTESIAN_POINT('',(13.5,5.9,0.));
#4675=CARTESIAN_POINT('',(13.5,7.15,-100.));
#4676=CARTESIAN_POINT('',(13.5,5.9,-100.));
#4677=CARTESIAN_POINT('',(13.5,5.9,-100.));
#4678=CARTESIAN_POINT('',(13.2,5.9,-100.));
#4679=CARTESIAN_POINT('',(13.2,5.9,0.));
#4680=CARTESIAN_POINT('',(13.2,5.6,0.));
#4681=CARTESIAN_POINT('',(13.2,5.9,-100.));
#4682=CARTESIAN_POINT('',(13.2,5.6,-100.));
#4683=CARTESIAN_POINT('',(13.2,5.6,-100.));
#4684=CARTESIAN_POINT('',(13.2,5.6,-100.));
#4685=CARTESIAN_POINT('',(13.2,5.6,0.));
#4686=CARTESIAN_POINT('',(12.3,5.6,0.));
#4687=CARTESIAN_POINT('',(13.2,5.6,-100.));
#4688=CARTESIAN_POINT('',(12.3,5.6,-100.));
#4689=CARTESIAN_POINT('',(12.3,5.6,-100.));
#4690=CARTESIAN_POINT('',(12.3,5.3,-100.));
#4691=CARTESIAN_POINT('',(12.3,5.3,0.));
#4692=CARTESIAN_POINT('',(12.,5.3,0.));
#4693=CARTESIAN_POINT('',(12.3,5.3,-100.));
#4694=CARTESIAN_POINT('',(12.,5.3,-100.));
#4695=CARTESIAN_POINT('',(12.,5.3,-100.));
#4696=CARTESIAN_POINT('',(12.,5.3,-100.));
#4697=CARTESIAN_POINT('',(12.,5.3,0.));
#4698=CARTESIAN_POINT('',(12.,4.,0.));
#4699=CARTESIAN_POINT('',(12.,5.3,-100.));
#4700=CARTESIAN_POINT('',(12.,4.,-100.));
#4701=CARTESIAN_POINT('',(12.,4.,-100.));
#4702=CARTESIAN_POINT('',(13.,4.,-100.));
#4703=CARTESIAN_POINT('',(13.,4.,0.));
#4704=CARTESIAN_POINT('',(13.,3.,0.));
#4705=CARTESIAN_POINT('',(13.,4.,-100.));
#4706=CARTESIAN_POINT('',(13.,3.,-100.));
#4707=CARTESIAN_POINT('',(13.,3.,-100.));
#4708=CARTESIAN_POINT('',(13.,3.,-100.));
#4709=CARTESIAN_POINT('',(13.,3.,0.));
#4710=CARTESIAN_POINT('',(14.,3.,0.));
#4711=CARTESIAN_POINT('',(13.,3.,-100.));
#4712=CARTESIAN_POINT('',(14.,3.,-100.));
#4713=CARTESIAN_POINT('',(14.,3.,-100.));
#4714=CARTESIAN_POINT('',(14.,4.,-100.));
#4715=CARTESIAN_POINT('',(14.,4.,0.));
#4716=CARTESIAN_POINT('',(15.,4.,0.));
#4717=CARTESIAN_POINT('',(14.,4.,-100.));
#4718=CARTESIAN_POINT('',(15.,4.,-100.));
#4719=CARTESIAN_POINT('',(15.,4.,-100.));
#4720=CARTESIAN_POINT('',(15.,4.,-100.));
#4721=CARTESIAN_POINT('',(15.,4.,0.));
#4722=CARTESIAN_POINT('',(15.,12.,0.));
#4723=CARTESIAN_POINT('',(15.,4.,-100.));
#4724=CARTESIAN_POINT('',(15.,12.,-100.));
#4725=CARTESIAN_POINT('',(15.,12.,-100.));
#4726=CARTESIAN_POINT('',(12.,12.,-100.));
#4727=CARTESIAN_POINT('',(12.,12.,0.));
#4728=CARTESIAN_POINT('',(12.,15.,0.));
#4729=CARTESIAN_POINT('',(12.,12.,-100.));
#4730=CARTESIAN_POINT('',(12.,15.,-100.));
#4731=CARTESIAN_POINT('',(12.,15.,-100.));
#4732=CARTESIAN_POINT('',(12.,15.,-100.));
#4733=CARTESIAN_POINT('',(12.,15.,0.));
#4734=CARTESIAN_POINT('',(4.,15.,0.));
#4735=CARTESIAN_POINT('',(12.,15.,-100.));
#4736=CARTESIAN_POINT('',(4.,15.,-100.));
#4737=CARTESIAN_POINT('',(4.,15.,-100.));
#4738=CARTESIAN_POINT('',(4.,14.,-100.));
#4739=CARTESIAN_POINT('',(4.,14.,0.));
#4740=CARTESIAN_POINT('',(3.,14.,0.));
#4741=CARTESIAN_POINT('',(4.,14.,-100.));
#4742=CARTESIAN_POINT('',(3.,14.,-100.));
#4743=CARTESIAN_POINT('',(3.,14.,-100.));
#4744=CARTESIAN_POINT('',(3.,14.,-100.));
#4745=CARTESIAN_POINT('',(3.,14.,0.));
#4746=CARTESIAN_POINT('',(3.,13.,0.));
#4747=CARTESIAN_POINT('',(3.,14.,-100.));
#4748=CARTESIAN_POINT('',(3.,13.,-100.));
#4749=CARTESIAN_POINT('',(3.,13.,-100.));
#4750=CARTESIAN_POINT('',(4.,13.,-100.));
#4751=CARTESIAN_POINT('',(4.,13.,0.));
#4752=CARTESIAN_POINT('',(4.,12.,0.));
#4753=CARTESIAN_POINT('',(4.,13.,-100.));
#4754=CARTESIAN_POINT('',(4.,12.,-100.));
#4755=CARTESIAN_POINT('',(4.,12.,-100.));
#4756=CARTESIAN_POINT('',(4.,12.,-100.));
#4757=CARTESIAN_POINT('',(4.,12.,0.));
#4758=CARTESIAN_POINT('',(5.3,12.,0.));
#4759=CARTESIAN_POINT('',(4.,12.,-100.));
#4760=CARTESIAN_POINT('',(5.3,12.,-100.));
#4761=CARTESIAN_POINT('',(5.3,12.,-100.));
#4762=CARTESIAN_POINT('',(5.3,12.3,-100.));
#4763=CARTESIAN_POINT('',(5.3,12.3,0.));
#4764=CARTESIAN_POINT('',(5.6,12.3,0.));
#4765=CARTESIAN_POINT('',(5.3,12.3,-100.));
#4766=CARTESIAN_POINT('',(5.6,12.3,-100.));
#4767=CARTESIAN_POINT('',(5.6,12.3,-100.));
#4768=CARTESIAN_POINT('',(5.6,12.3,-100.));
#4769=CARTESIAN_POINT('',(5.6,12.3,0.));
#4770=CARTESIAN_POINT('',(5.6,13.2,0.));
#4771=CARTESIAN_POINT('',(5.6,12.3,-100.));
#4772=CARTESIAN_POINT('',(5.6,13.2,-100.));
#4773=CARTESIAN_POINT('',(5.6,13.2,-100.));
#4774=CARTESIAN_POINT('',(5.90000000000001,13.2,-100.));
#4775=CARTESIAN_POINT('',(5.90000000000001,13.2,0.));
#4776=CARTESIAN_POINT('',(5.9,13.5,0.));
#4777=CARTESIAN_POINT('',(5.90000000000001,13.2,-100.));
#4778=CARTESIAN_POINT('',(5.9,13.5,-100.));
#4779=CARTESIAN_POINT('',(5.9,13.5,-100.));
#4780=CARTESIAN_POINT('',(5.9,13.5,-100.));
#4781=CARTESIAN_POINT('',(5.9,13.5,0.));
#4782=CARTESIAN_POINT('',(7.15,13.5,0.));
#4783=CARTESIAN_POINT('',(5.9,13.5,-100.));
#4784=CARTESIAN_POINT('',(7.15,13.5,-100.));
#4785=CARTESIAN_POINT('',(7.15,13.5,-100.));
#4786=CARTESIAN_POINT('',(7.15,12.5,-100.));
#4787=CARTESIAN_POINT('',(7.15,12.5,0.));
#4788=CARTESIAN_POINT('',(8.15,12.5,0.));
#4789=CARTESIAN_POINT('',(7.15,12.5,-100.));
#4790=CARTESIAN_POINT('',(8.15,12.5,-100.));
#4791=CARTESIAN_POINT('',(8.15,12.5,-100.));
#4792=CARTESIAN_POINT('',(8.15,12.5,-100.));
#4793=CARTESIAN_POINT('',(8.15,12.5,0.));
#4794=CARTESIAN_POINT('',(8.15,10.8068542494924,0.));
#4795=CARTESIAN_POINT('',(8.15,12.5,-100.));
#4796=CARTESIAN_POINT('',(8.15,10.8068542494924,-100.));
#4797=CARTESIAN_POINT('',(8.15,10.8068542494924,-100.));
#4798=CARTESIAN_POINT('',(5.15,10.8068542494924,-100.));
#4799=CARTESIAN_POINT('',(5.15,10.8068542494924,0.));
#4800=CARTESIAN_POINT('',(7.27132034355965,8.68553390593275,0.));
#4801=CARTESIAN_POINT('',(5.15,10.8068542494924,-100.));
#4802=CARTESIAN_POINT('',(7.27132034355965,8.68553390593275,-100.));
#4803=CARTESIAN_POINT('',(7.27132034355965,8.68553390593275,-100.));
#4804=CARTESIAN_POINT('',(7.27132034355965,8.68553390593275,-100.));
#4805=CARTESIAN_POINT('',(7.27132034355965,8.68553390593275,0.));
#4806=CARTESIAN_POINT('',(4.71446609406727,6.12867965644036,0.));
#4807=CARTESIAN_POINT('',(7.27132034355965,8.68553390593275,-100.));
#4808=CARTESIAN_POINT('',(4.71446609406727,6.12867965644036,-100.));
#4809=CARTESIAN_POINT('',(4.71446609406727,6.12867965644036,-100.));
#4810=CARTESIAN_POINT('',(2.59314575050762,8.25,-100.));
#4811=CARTESIAN_POINT('',(2.59314575050762,8.25,0.));
#4812=CARTESIAN_POINT('',(2.59314575050762,5.25,0.));
#4813=CARTESIAN_POINT('',(2.59314575050762,8.25,-100.));
#4814=CARTESIAN_POINT('',(2.59314575050762,5.25,-100.));
#4815=CARTESIAN_POINT('',(2.59314575050762,5.25,-100.));
#4816=CARTESIAN_POINT('',(2.59314575050762,5.25,-100.));
#4817=CARTESIAN_POINT('',(2.59314575050762,5.25,0.));
#4818=CARTESIAN_POINT('',(-2.59314575050762,5.25,0.));
#4819=CARTESIAN_POINT('',(2.59314575050762,5.25,-100.));
#4820=CARTESIAN_POINT('',(-2.59314575050762,5.25,-100.));
#4821=CARTESIAN_POINT('',(-2.59314575050762,5.25,-100.));
#4822=CARTESIAN_POINT('',(-2.59314575050762,8.25000000000001,-100.));
#4823=CARTESIAN_POINT('',(-2.59314575050762,8.25000000000001,0.));
#4824=CARTESIAN_POINT('',(-4.71446609406726,6.12867965644036,0.));
#4825=CARTESIAN_POINT('',(-2.59314575050762,8.25000000000001,-100.));
#4826=CARTESIAN_POINT('',(-4.71446609406726,6.12867965644036,-100.));
#4827=CARTESIAN_POINT('',(-4.71446609406726,6.12867965644036,-100.));
#4828=CARTESIAN_POINT('',(-4.71446609406726,6.12867965644036,-100.));
#4829=CARTESIAN_POINT('',(-4.71446609406726,6.12867965644036,0.));
#4830=CARTESIAN_POINT('',(-7.27132034355964,8.68553390593274,0.));
#4831=CARTESIAN_POINT('',(-4.71446609406726,6.12867965644036,-100.));
#4832=CARTESIAN_POINT('',(-7.27132034355964,8.68553390593274,-100.));
#4833=CARTESIAN_POINT('',(-7.27132034355964,8.68553390593274,-100.));
#4834=CARTESIAN_POINT('',(-5.15,10.8068542494924,-100.));
#4835=CARTESIAN_POINT('',(-5.15,10.8068542494924,0.));
#4836=CARTESIAN_POINT('',(-8.15,10.8068542494924,0.));
#4837=CARTESIAN_POINT('',(-5.15,10.8068542494924,-100.));
#4838=CARTESIAN_POINT('',(-8.15,10.8068542494924,-100.));
#4839=CARTESIAN_POINT('',(-8.15,10.8068542494924,-100.));
#4840=CARTESIAN_POINT('',(-8.15,10.8068542494924,-100.));
#4841=CARTESIAN_POINT('',(-8.15,10.8068542494924,0.));
#4842=CARTESIAN_POINT('',(-8.15,12.5,0.));
#4843=CARTESIAN_POINT('',(-8.15,10.8068542494924,-100.));
#4844=CARTESIAN_POINT('',(-8.15,12.5,-100.));
#4845=CARTESIAN_POINT('',(-8.15,12.5,-100.));
#4846=CARTESIAN_POINT('',(-7.15,12.5,-100.));
#4847=CARTESIAN_POINT('',(-7.15,12.5,0.));
#4848=CARTESIAN_POINT('',(-7.15,13.5,0.));
#4849=CARTESIAN_POINT('',(-7.15,12.5,-100.));
#4850=CARTESIAN_POINT('',(-7.15,13.5,-100.));
#4851=CARTESIAN_POINT('',(-7.15,13.5,-100.));
#4852=CARTESIAN_POINT('',(-7.15,13.5,-100.));
#4853=CARTESIAN_POINT('',(-7.15,13.5,0.));
#4854=CARTESIAN_POINT('',(-5.9,13.5,0.));
#4855=CARTESIAN_POINT('',(-7.15,13.5,-100.));
#4856=CARTESIAN_POINT('',(-5.9,13.5,-100.));
#4857=CARTESIAN_POINT('',(-5.9,13.5,-100.));
#4858=CARTESIAN_POINT('',(-5.9,13.2,-100.));
#4859=CARTESIAN_POINT('',(-5.9,13.2,0.));
#4860=CARTESIAN_POINT('',(-5.6,13.2,0.));
#4861=CARTESIAN_POINT('',(-5.9,13.2,-100.));
#4862=CARTESIAN_POINT('',(-5.6,13.2,-100.));
#4863=CARTESIAN_POINT('',(-5.6,13.2,-100.));
#4864=CARTESIAN_POINT('',(-5.6,13.2,-100.));
#4865=CARTESIAN_POINT('',(-5.6,13.2,0.));
#4866=CARTESIAN_POINT('',(-5.6,12.3,0.));
#4867=CARTESIAN_POINT('',(-5.6,13.2,-100.));
#4868=CARTESIAN_POINT('',(-5.6,12.3,-100.));
#4869=CARTESIAN_POINT('',(-5.6,12.3,-100.));
#4870=CARTESIAN_POINT('',(-5.29999999999999,12.3,-100.));
#4871=CARTESIAN_POINT('',(-5.29999999999999,12.3,0.));
#4872=CARTESIAN_POINT('',(-5.3,12.,0.));
#4873=CARTESIAN_POINT('',(-5.29999999999999,12.3,-100.));
#4874=CARTESIAN_POINT('',(-5.3,12.,-100.));
#4875=CARTESIAN_POINT('',(-5.3,12.,-100.));
#4876=CARTESIAN_POINT('',(-5.3,12.,-100.));
#4877=CARTESIAN_POINT('',(-5.3,12.,0.));
#4878=CARTESIAN_POINT('',(-4.,12.,0.));
#4879=CARTESIAN_POINT('',(-5.3,12.,-100.));
#4880=CARTESIAN_POINT('',(-4.,12.,-100.));
#4881=CARTESIAN_POINT('',(-4.,12.,-100.));
#4882=CARTESIAN_POINT('',(-4.,13.,-100.));
#4883=CARTESIAN_POINT('',(-4.,13.,0.));
#4884=CARTESIAN_POINT('',(-3.,13.,0.));
#4885=CARTESIAN_POINT('',(-4.,13.,-100.));
#4886=CARTESIAN_POINT('',(-3.,13.,-100.));
#4887=CARTESIAN_POINT('',(-3.,13.,-100.));
#4888=CARTESIAN_POINT('',(-3.,13.,-100.));
#4889=CARTESIAN_POINT('',(-3.,13.,0.));
#4890=CARTESIAN_POINT('',(-3.,14.,0.));
#4891=CARTESIAN_POINT('',(-3.,13.,-100.));
#4892=CARTESIAN_POINT('',(-3.,14.,-100.));
#4893=CARTESIAN_POINT('',(-3.,14.,-100.));
#4894=CARTESIAN_POINT('',(-3.99999999999999,14.,-100.));
#4895=CARTESIAN_POINT('',(-3.99999999999999,14.,0.));
#4896=CARTESIAN_POINT('',(-4.,15.,0.));
#4897=CARTESIAN_POINT('',(-3.99999999999999,14.,-100.));
#4898=CARTESIAN_POINT('',(-4.,15.,-100.));
#4899=CARTESIAN_POINT('',(-4.,15.,-100.));
#4900=CARTESIAN_POINT('',(-4.,15.,-100.));
#4901=CARTESIAN_POINT('',(-4.,15.,0.));
#4902=CARTESIAN_POINT('',(-12.,15.,0.));
#4903=CARTESIAN_POINT('',(-4.,15.,-100.));
#4904=CARTESIAN_POINT('',(-12.,15.,-100.));
#4905=CARTESIAN_POINT('',(-12.,15.,-100.));
#4906=CARTESIAN_POINT('',(-12.,12.,-100.));
#4907=CARTESIAN_POINT('',(-12.,12.,0.));
#4908=CARTESIAN_POINT('',(-15.,12.,0.));
#4909=CARTESIAN_POINT('',(-12.,12.,-100.));
#4910=CARTESIAN_POINT('',(-15.,12.,-100.));
#4911=CARTESIAN_POINT('',(-15.,12.,-100.));
#4912=CARTESIAN_POINT('',(-15.,12.,-100.));
#4913=CARTESIAN_POINT('',(-15.,12.,0.));
#4914=CARTESIAN_POINT('',(-15.,4.,0.));
#4915=CARTESIAN_POINT('',(-15.,12.,-100.));
#4916=CARTESIAN_POINT('',(-15.,4.,-100.));
#4917=CARTESIAN_POINT('',(-15.,4.,-100.));
#4918=CARTESIAN_POINT('',(-14.,4.,-100.));
#4919=CARTESIAN_POINT('',(-14.,4.,0.));
#4920=CARTESIAN_POINT('',(-14.,3.,0.));
#4921=CARTESIAN_POINT('',(-14.,4.,-100.));
#4922=CARTESIAN_POINT('',(-14.,3.,-100.));
#4923=CARTESIAN_POINT('',(-14.,3.,-100.));
#4924=CARTESIAN_POINT('',(-14.,3.,-100.));
#4925=CARTESIAN_POINT('',(-14.,3.,0.));
#4926=CARTESIAN_POINT('',(-13.,3.,0.));
#4927=CARTESIAN_POINT('',(-14.,3.,-100.));
#4928=CARTESIAN_POINT('',(-13.,3.,-100.));
#4929=CARTESIAN_POINT('',(-13.,3.,-100.));
#4930=CARTESIAN_POINT('',(-13.,4.,-100.));
#4931=CARTESIAN_POINT('',(-13.,4.,0.));
#4932=CARTESIAN_POINT('',(-12.,4.,0.));
#4933=CARTESIAN_POINT('',(-13.,4.,-100.));
#4934=CARTESIAN_POINT('',(-12.,4.,-100.));
#4935=CARTESIAN_POINT('',(-12.,4.,-100.));
#4936=CARTESIAN_POINT('',(-12.,4.,-100.));
#4937=CARTESIAN_POINT('',(-12.,4.,0.));
#4938=CARTESIAN_POINT('',(-12.,5.3,0.));
#4939=CARTESIAN_POINT('',(-12.,4.,-100.));
#4940=CARTESIAN_POINT('',(-12.,5.3,-100.));
#4941=CARTESIAN_POINT('',(-12.,5.3,-100.));
#4942=CARTESIAN_POINT('',(-12.3,5.3,-100.));
#4943=CARTESIAN_POINT('',(-12.3,5.3,0.));
#4944=CARTESIAN_POINT('',(-12.3,5.6,0.));
#4945=CARTESIAN_POINT('',(-12.3,5.3,-100.));
#4946=CARTESIAN_POINT('',(-12.3,5.6,-100.));
#4947=CARTESIAN_POINT('',(-12.3,5.6,-100.));
#4948=CARTESIAN_POINT('',(-12.3,5.6,-100.));
#4949=CARTESIAN_POINT('',(-12.3,5.6,0.));
#4950=CARTESIAN_POINT('',(-13.2,5.6,0.));
#4951=CARTESIAN_POINT('',(-12.3,5.6,-100.));
#4952=CARTESIAN_POINT('',(-13.2,5.6,-100.));
#4953=CARTESIAN_POINT('',(-13.2,5.6,-100.));
#4954=CARTESIAN_POINT('',(-13.2,5.90000000000001,-100.));
#4955=CARTESIAN_POINT('',(-13.2,5.90000000000001,0.));
#4956=CARTESIAN_POINT('',(-13.5,5.9,0.));
#4957=CARTESIAN_POINT('',(-13.2,5.90000000000001,-100.));
#4958=CARTESIAN_POINT('',(-13.5,5.9,-100.));
#4959=CARTESIAN_POINT('',(-13.5,5.9,-100.));
#4960=CARTESIAN_POINT('',(-13.5,5.9,-100.));
#4961=CARTESIAN_POINT('',(-13.5,5.9,0.));
#4962=CARTESIAN_POINT('',(-13.5,7.15,0.));
#4963=CARTESIAN_POINT('',(-13.5,5.9,-100.));
#4964=CARTESIAN_POINT('',(-13.5,7.15,-100.));
#4965=CARTESIAN_POINT('',(-13.5,7.15,-100.));
#4966=CARTESIAN_POINT('',(-12.5,7.15,-100.));
#4967=CARTESIAN_POINT('',(-12.5,7.15,0.));
#4968=CARTESIAN_POINT('',(-12.5,8.15,0.));
#4969=CARTESIAN_POINT('',(-12.5,7.15,-100.));
#4970=CARTESIAN_POINT('',(-12.5,8.15,-100.));
#4971=CARTESIAN_POINT('',(-12.5,8.15,-100.));
#4972=CARTESIAN_POINT('',(-12.5,8.15,-100.));
#4973=CARTESIAN_POINT('',(-12.5,8.15,0.));
#4974=CARTESIAN_POINT('',(-10.8068542494924,8.15,0.));
#4975=CARTESIAN_POINT('',(-12.5,8.15,-100.));
#4976=CARTESIAN_POINT('',(-10.8068542494924,8.15,-100.));
#4977=CARTESIAN_POINT('',(-10.8068542494924,8.15,-100.));
#4978=CARTESIAN_POINT('',(-10.8068542494924,5.15000000000001,-100.));
#4979=CARTESIAN_POINT('',(-10.8068542494924,5.15000000000001,0.));
#4980=CARTESIAN_POINT('',(-8.68553390593275,7.27132034355965,0.));
#4981=CARTESIAN_POINT('',(-10.8068542494924,5.15000000000001,-100.));
#4982=CARTESIAN_POINT('',(-8.68553390593275,7.27132034355965,-100.));
#4983=CARTESIAN_POINT('',(-8.68553390593275,7.27132034355965,-100.));
#4984=CARTESIAN_POINT('',(-8.68553390593275,7.27132034355965,-100.));
#4985=CARTESIAN_POINT('',(-8.68553390593275,7.27132034355965,0.));
#4986=CARTESIAN_POINT('',(-6.12867965644036,4.71446609406727,0.));
#4987=CARTESIAN_POINT('',(-8.68553390593275,7.27132034355965,-100.));
#4988=CARTESIAN_POINT('',(-6.12867965644036,4.71446609406727,-100.));
#4989=CARTESIAN_POINT('',(-6.12867965644036,4.71446609406727,-100.));
#4990=CARTESIAN_POINT('',(-8.24999999999999,2.59314575050763,-100.));
#4991=CARTESIAN_POINT('',(-8.24999999999999,2.59314575050763,0.));
#4992=CARTESIAN_POINT('',(-5.25,2.59314575050762,0.));
#4993=CARTESIAN_POINT('',(-8.24999999999999,2.59314575050763,-100.));
#4994=CARTESIAN_POINT('',(-5.25,2.59314575050762,-100.));
#4995=CARTESIAN_POINT('',(-5.25,2.59314575050762,-100.));
#4996=CARTESIAN_POINT('',(-5.25,2.59314575050762,-100.));
#4997=CARTESIAN_POINT('',(-5.25,2.59314575050762,0.));
#4998=CARTESIAN_POINT('',(-5.25,-2.59314575050762,0.));
#4999=CARTESIAN_POINT('',(-5.25,2.59314575050762,-100.));
#5000=CARTESIAN_POINT('',(-5.25,-2.59314575050762,-100.));
#5001=CARTESIAN_POINT('',(-5.25,-2.59314575050762,-100.));
#5002=CARTESIAN_POINT('',(-8.25000000000001,-2.59314575050762,-100.));
#5003=CARTESIAN_POINT('',(-8.25000000000001,-2.59314575050762,0.));
#5004=CARTESIAN_POINT('',(-6.12867965644036,-4.71446609406726,0.));
#5005=CARTESIAN_POINT('',(-8.25000000000001,-2.59314575050762,-100.));
#5006=CARTESIAN_POINT('',(-6.12867965644036,-4.71446609406726,-100.));
#5007=CARTESIAN_POINT('',(-6.12867965644036,-4.71446609406726,-100.));
#5008=CARTESIAN_POINT('',(-6.12867965644036,-4.71446609406726,-100.));
#5009=CARTESIAN_POINT('',(-6.12867965644036,-4.71446609406726,0.));
#5010=CARTESIAN_POINT('',(-8.68553390593274,-7.27132034355964,0.));
#5011=CARTESIAN_POINT('',(-6.12867965644036,-4.71446609406726,-100.));
#5012=CARTESIAN_POINT('',(-8.68553390593274,-7.27132034355964,-100.));
#5013=CARTESIAN_POINT('',(-8.68553390593274,-7.27132034355964,-100.));
#5014=CARTESIAN_POINT('',(-10.8068542494924,-5.15000000000001,-100.));
#5015=CARTESIAN_POINT('',(-10.8068542494924,-5.15000000000001,0.));
#5016=CARTESIAN_POINT('',(-10.8068542494924,-8.15,0.));
#5017=CARTESIAN_POINT('',(-10.8068542494924,-5.15000000000001,-100.));
#5018=CARTESIAN_POINT('',(-10.8068542494924,-8.15,-100.));
#5019=CARTESIAN_POINT('',(-10.8068542494924,-8.15,-100.));
#5020=CARTESIAN_POINT('',(-10.8068542494924,-8.15,-100.));
#5021=CARTESIAN_POINT('',(-10.8068542494924,-8.15,0.));
#5022=CARTESIAN_POINT('',(-12.5,-8.15,0.));
#5023=CARTESIAN_POINT('',(-10.8068542494924,-8.15,-100.));
#5024=CARTESIAN_POINT('',(-12.5,-8.15,-100.));
#5025=CARTESIAN_POINT('',(-12.5,-8.15,-100.));
#5026=CARTESIAN_POINT('',(-12.5,-7.15,-100.));
#5027=CARTESIAN_POINT('',(-12.5,-7.15,0.));
#5028=CARTESIAN_POINT('',(-13.5,-7.15,0.));
#5029=CARTESIAN_POINT('',(-12.5,-7.15,-100.));
#5030=CARTESIAN_POINT('',(-13.5,-7.15,-100.));
#5031=CARTESIAN_POINT('',(-13.5,-7.15,-100.));
#5032=CARTESIAN_POINT('',(-13.5,-7.15,-100.));
#5033=CARTESIAN_POINT('',(-13.5,-7.15,0.));
#5034=CARTESIAN_POINT('',(-13.5,-5.9,0.));
#5035=CARTESIAN_POINT('',(-13.5,-7.15,-100.));
#5036=CARTESIAN_POINT('',(-13.5,-5.9,-100.));
#5037=CARTESIAN_POINT('',(-13.5,-5.9,-100.));
#5038=CARTESIAN_POINT('',(-13.2,-5.9,-100.));
#5039=CARTESIAN_POINT('',(-13.2,-5.9,0.));
#5040=CARTESIAN_POINT('',(-13.2,-5.6,0.));
#5041=CARTESIAN_POINT('',(-13.2,-5.9,-100.));
#5042=CARTESIAN_POINT('',(-13.2,-5.6,-100.));
#5043=CARTESIAN_POINT('',(-13.2,-5.6,-100.));
#5044=CARTESIAN_POINT('',(-13.2,-5.6,-100.));
#5045=CARTESIAN_POINT('',(-13.2,-5.6,0.));
#5046=CARTESIAN_POINT('',(-12.3,-5.6,0.));
#5047=CARTESIAN_POINT('',(-13.2,-5.6,-100.));
#5048=CARTESIAN_POINT('',(-12.3,-5.6,-100.));
#5049=CARTESIAN_POINT('',(-12.3,-5.6,-100.));
#5050=CARTESIAN_POINT('',(-12.3,-5.29999999999999,-100.));
#5051=CARTESIAN_POINT('',(-12.3,-5.29999999999999,0.));
#5052=CARTESIAN_POINT('',(-12.,-5.3,0.));
#5053=CARTESIAN_POINT('',(-12.3,-5.29999999999999,-100.));
#5054=CARTESIAN_POINT('',(-12.,-5.3,-100.));
#5055=CARTESIAN_POINT('',(-12.,-5.3,-100.));
#5056=CARTESIAN_POINT('',(-12.,-5.3,-100.));
#5057=CARTESIAN_POINT('',(-12.,-5.3,0.));
#5058=CARTESIAN_POINT('',(-12.,-4.,0.));
#5059=CARTESIAN_POINT('',(-12.,-5.3,-100.));
#5060=CARTESIAN_POINT('',(-12.,-4.,-100.));
#5061=CARTESIAN_POINT('',(-12.,-4.,-100.));
#5062=CARTESIAN_POINT('',(-13.,-4.,-100.));
#5063=CARTESIAN_POINT('',(-13.,-4.,0.));
#5064=CARTESIAN_POINT('',(-13.,-3.,0.));
#5065=CARTESIAN_POINT('',(-13.,-4.,-100.));
#5066=CARTESIAN_POINT('',(-13.,-3.,-100.));
#5067=CARTESIAN_POINT('',(-13.,-3.,-100.));
#5068=CARTESIAN_POINT('',(9.95,-9.95,-100.));
#5069=CARTESIAN_POINT('',(9.95,-9.95,0.));
#5070=CARTESIAN_POINT('',(9.95,-9.65,0.));
#5071=CARTESIAN_POINT('',(9.65,-9.95,0.));
#5072=CARTESIAN_POINT('',(9.65,-9.95,-100.));
#5073=CARTESIAN_POINT('',(9.65,-9.95,-100.));
#5074=CARTESIAN_POINT('',(9.95,-9.95,-100.));
#5075=CARTESIAN_POINT('',(9.95,-9.65,-100.));
#5076=CARTESIAN_POINT('',(9.95,-9.65,-100.));
#5077=CARTESIAN_POINT('',(13.2,-9.65,-100.));
#5078=CARTESIAN_POINT('',(13.2,-9.65,0.));
#5079=CARTESIAN_POINT('',(13.2,-9.65,0.));
#5080=CARTESIAN_POINT('',(13.2,-9.65,-100.));
#5081=CARTESIAN_POINT('',(13.2,-9.65,-100.));
#5082=CARTESIAN_POINT('',(13.2,-9.65,-100.));
#5083=CARTESIAN_POINT('',(13.2,-9.95,-100.));
#5084=CARTESIAN_POINT('',(13.2,-9.95,0.));
#5085=CARTESIAN_POINT('',(13.5,-9.95,0.));
#5086=CARTESIAN_POINT('',(13.2,-9.95,-100.));
#5087=CARTESIAN_POINT('',(13.5,-9.95,-100.));
#5088=CARTESIAN_POINT('',(13.5,-9.95,-100.));
#5089=CARTESIAN_POINT('',(13.5,-12.,-100.));
#5090=CARTESIAN_POINT('',(13.5,-12.,0.));
#5091=CARTESIAN_POINT('',(13.5,-12.,0.));
#5092=CARTESIAN_POINT('',(13.5,-12.,-100.));
#5093=CARTESIAN_POINT('',(13.5,-12.,-100.));
#5094=CARTESIAN_POINT('',(13.5,-12.,-100.));
#5095=CARTESIAN_POINT('',(12.,-12.,-100.));
#5096=CARTESIAN_POINT('',(12.,-12.,0.));
#5097=CARTESIAN_POINT('',(12.,-13.5,0.));
#5098=CARTESIAN_POINT('',(12.,-12.,-100.));
#5099=CARTESIAN_POINT('',(12.,-13.5,-100.));
#5100=CARTESIAN_POINT('',(12.,-13.5,-100.));
#5101=CARTESIAN_POINT('',(9.95,-13.5,-100.));
#5102=CARTESIAN_POINT('',(9.95,-13.5,0.));
#5103=CARTESIAN_POINT('',(9.95,-13.5,0.));
#5104=CARTESIAN_POINT('',(9.95,-13.5,-100.));
#5105=CARTESIAN_POINT('',(9.95,-13.5,-100.));
#5106=CARTESIAN_POINT('',(9.95,-13.5,-100.));
#5107=CARTESIAN_POINT('',(9.95,-13.2,-100.));
#5108=CARTESIAN_POINT('',(9.95,-13.2,0.));
#5109=CARTESIAN_POINT('',(9.65,-13.2,0.));
#5110=CARTESIAN_POINT('',(9.95,-13.2,-100.));
#5111=CARTESIAN_POINT('',(9.65,-13.2,-100.));
#5112=CARTESIAN_POINT('',(9.65,-13.2,-100.));
#5113=CARTESIAN_POINT('',(9.95,13.2,-100.));
#5114=CARTESIAN_POINT('',(9.95,13.2,0.));
#5115=CARTESIAN_POINT('',(9.95,13.5,0.));
#5116=CARTESIAN_POINT('',(9.65,13.2,0.));
#5117=CARTESIAN_POINT('',(9.65,13.2,-100.));
#5118=CARTESIAN_POINT('',(9.65,13.2,-100.));
#5119=CARTESIAN_POINT('',(9.95,13.2,-100.));
#5120=CARTESIAN_POINT('',(9.95,13.5,-100.));
#5121=CARTESIAN_POINT('',(9.95,13.5,-100.));
#5122=CARTESIAN_POINT('',(12.,13.5,-100.));
#5123=CARTESIAN_POINT('',(12.,13.5,0.));
#5124=CARTESIAN_POINT('',(12.,13.5,0.));
#5125=CARTESIAN_POINT('',(12.,13.5,-100.));
#5126=CARTESIAN_POINT('',(12.,13.5,-100.));
#5127=CARTESIAN_POINT('',(12.,13.5,-100.));
#5128=CARTESIAN_POINT('',(12.,12.,-100.));
#5129=CARTESIAN_POINT('',(12.,12.,0.));
#5130=CARTESIAN_POINT('',(13.5,12.,0.));
#5131=CARTESIAN_POINT('',(12.,12.,-100.));
#5132=CARTESIAN_POINT('',(13.5,12.,-100.));
#5133=CARTESIAN_POINT('',(13.5,12.,-100.));
#5134=CARTESIAN_POINT('',(13.5,9.95,-100.));
#5135=CARTESIAN_POINT('',(13.5,9.95,0.));
#5136=CARTESIAN_POINT('',(13.5,9.95,0.));
#5137=CARTESIAN_POINT('',(13.5,9.95,-100.));
#5138=CARTESIAN_POINT('',(13.5,9.95,-100.));
#5139=CARTESIAN_POINT('',(13.5,9.95,-100.));
#5140=CARTESIAN_POINT('',(13.2,9.95,-100.));
#5141=CARTESIAN_POINT('',(13.2,9.95,0.));
#5142=CARTESIAN_POINT('',(13.2,9.65,0.));
#5143=CARTESIAN_POINT('',(13.2,9.95,-100.));
#5144=CARTESIAN_POINT('',(13.2,9.65,-100.));
#5145=CARTESIAN_POINT('',(13.2,9.65,-100.));
#5146=CARTESIAN_POINT('',(9.95,9.65,-100.));
#5147=CARTESIAN_POINT('',(9.95,9.65,0.));
#5148=CARTESIAN_POINT('',(9.95,9.65,0.));
#5149=CARTESIAN_POINT('',(9.95,9.65,-100.));
#5150=CARTESIAN_POINT('',(9.95,9.65,-100.));
#5151=CARTESIAN_POINT('',(9.95,9.65,-100.));
#5152=CARTESIAN_POINT('',(9.95,9.95,-100.));
#5153=CARTESIAN_POINT('',(9.95,9.95,0.));
#5154=CARTESIAN_POINT('',(9.65,9.95,0.));
#5155=CARTESIAN_POINT('',(9.95,9.95,-100.));
#5156=CARTESIAN_POINT('',(9.65,9.95,-100.));
#5157=CARTESIAN_POINT('',(9.65,9.95,-100.));
#5158=CARTESIAN_POINT('',(-13.5,12.,-100.));
#5159=CARTESIAN_POINT('',(-13.5,12.,0.));
#5160=CARTESIAN_POINT('',(-13.5,12.,0.));
#5161=CARTESIAN_POINT('',(-13.5,9.95,0.));
#5162=CARTESIAN_POINT('',(-13.5,9.95,-100.));
#5163=CARTESIAN_POINT('',(-13.5,9.95,-100.));
#5164=CARTESIAN_POINT('',(-13.5,12.,-100.));
#5165=CARTESIAN_POINT('',(-13.5,12.,-100.));
#5166=CARTESIAN_POINT('',(-13.5,12.,-100.));
#5167=CARTESIAN_POINT('',(-12.,12.,-100.));
#5168=CARTESIAN_POINT('',(-12.,12.,0.));
#5169=CARTESIAN_POINT('',(-12.,13.5,0.));
#5170=CARTESIAN_POINT('',(-12.,12.,-100.));
#5171=CARTESIAN_POINT('',(-12.,13.5,-100.));
#5172=CARTESIAN_POINT('',(-12.,13.5,-100.));
#5173=CARTESIAN_POINT('',(-9.95,13.5,-100.));
#5174=CARTESIAN_POINT('',(-9.95,13.5,0.));
#5175=CARTESIAN_POINT('',(-9.95,13.5,0.));
#5176=CARTESIAN_POINT('',(-9.95,13.5,-100.));
#5177=CARTESIAN_POINT('',(-9.95,13.5,-100.));
#5178=CARTESIAN_POINT('',(-9.95,13.5,-100.));
#5179=CARTESIAN_POINT('',(-9.95,13.2,-100.));
#5180=CARTESIAN_POINT('',(-9.95,13.2,0.));
#5181=CARTESIAN_POINT('',(-9.65,13.2,0.));
#5182=CARTESIAN_POINT('',(-9.95,13.2,-100.));
#5183=CARTESIAN_POINT('',(-9.65,13.2,-100.));
#5184=CARTESIAN_POINT('',(-9.65,13.2,-100.));
#5185=CARTESIAN_POINT('',(-9.65,9.95,-100.));
#5186=CARTESIAN_POINT('',(-9.65,9.95,0.));
#5187=CARTESIAN_POINT('',(-9.65,9.95,0.));
#5188=CARTESIAN_POINT('',(-9.65,9.95,-100.));
#5189=CARTESIAN_POINT('',(-9.65,9.95,-100.));
#5190=CARTESIAN_POINT('',(-9.65,9.95,-100.));
#5191=CARTESIAN_POINT('',(-9.95,9.95,-100.));
#5192=CARTESIAN_POINT('',(-9.95,9.95,0.));
#5193=CARTESIAN_POINT('',(-9.95,9.65,0.));
#5194=CARTESIAN_POINT('',(-9.95,9.95,-100.));
#5195=CARTESIAN_POINT('',(-9.95,9.65,-100.));
#5196=CARTESIAN_POINT('',(-9.95,9.65,-100.));
#5197=CARTESIAN_POINT('',(-13.2,9.65,-100.));
#5198=CARTESIAN_POINT('',(-13.2,9.65,0.));
#5199=CARTESIAN_POINT('',(-13.2,9.65,0.));
#5200=CARTESIAN_POINT('',(-13.2,9.65,-100.));
#5201=CARTESIAN_POINT('',(-13.2,9.65,-100.));
#5202=CARTESIAN_POINT('',(-13.2,9.65,-100.));
#5203=CARTESIAN_POINT('',(-13.5,-9.95,-100.));
#5204=CARTESIAN_POINT('',(-13.5,-9.95,0.));
#5205=CARTESIAN_POINT('',(-13.5,-9.95,0.));
#5206=CARTESIAN_POINT('',(-13.5,-12.,0.));
#5207=CARTESIAN_POINT('',(-13.5,-12.,-100.));
#5208=CARTESIAN_POINT('',(-13.5,-12.,-100.));
#5209=CARTESIAN_POINT('',(-13.5,-9.95,-100.));
#5210=CARTESIAN_POINT('',(-13.5,-9.95,-100.));
#5211=CARTESIAN_POINT('',(-13.5,-9.95,-100.));
#5212=CARTESIAN_POINT('',(-13.2,-9.95,-100.));
#5213=CARTESIAN_POINT('',(-13.2,-9.95,0.));
#5214=CARTESIAN_POINT('',(-13.2,-9.65,0.));
#5215=CARTESIAN_POINT('',(-13.2,-9.95,-100.));
#5216=CARTESIAN_POINT('',(-13.2,-9.65,-100.));
#5217=CARTESIAN_POINT('',(-13.2,-9.65,-100.));
#5218=CARTESIAN_POINT('',(-9.95,-9.65,-100.));
#5219=CARTESIAN_POINT('',(-9.95,-9.65,0.));
#5220=CARTESIAN_POINT('',(-9.95,-9.65,0.));
#5221=CARTESIAN_POINT('',(-9.95,-9.65,-100.));
#5222=CARTESIAN_POINT('',(-9.95,-9.65,-100.));
#5223=CARTESIAN_POINT('',(-9.95,-9.65,-100.));
#5224=CARTESIAN_POINT('',(-9.95,-9.95,-100.));
#5225=CARTESIAN_POINT('',(-9.95,-9.95,0.));
#5226=CARTESIAN_POINT('',(-9.65,-9.95,0.));
#5227=CARTESIAN_POINT('',(-9.95,-9.95,-100.));
#5228=CARTESIAN_POINT('',(-9.65,-9.95,-100.));
#5229=CARTESIAN_POINT('',(-9.65,-9.95,-100.));
#5230=CARTESIAN_POINT('',(-9.65,-13.2,-100.));
#5231=CARTESIAN_POINT('',(-9.65,-13.2,0.));
#5232=CARTESIAN_POINT('',(-9.65,-13.2,0.));
#5233=CARTESIAN_POINT('',(-9.65,-13.2,-100.));
#5234=CARTESIAN_POINT('',(-9.65,-13.2,-100.));
#5235=CARTESIAN_POINT('',(-9.65,-13.2,-100.));
#5236=CARTESIAN_POINT('',(-9.95,-13.2,-100.));
#5237=CARTESIAN_POINT('',(-9.95,-13.2,0.));
#5238=CARTESIAN_POINT('',(-9.95,-13.5,0.));
#5239=CARTESIAN_POINT('',(-9.95,-13.2,-100.));
#5240=CARTESIAN_POINT('',(-9.95,-13.5,-100.));
#5241=CARTESIAN_POINT('',(-9.95,-13.5,-100.));
#5242=CARTESIAN_POINT('',(-12.,-13.5,-100.));
#5243=CARTESIAN_POINT('',(-12.,-13.5,0.));
#5244=CARTESIAN_POINT('',(-12.,-13.5,0.));
#5245=CARTESIAN_POINT('',(-12.,-13.5,-100.));
#5246=CARTESIAN_POINT('',(-12.,-13.5,-100.));
#5247=CARTESIAN_POINT('',(-12.,-13.5,-100.));
#5248=CARTESIAN_POINT('',(9.65,-9.95,-100.));
#5249=CARTESIAN_POINT('',(9.65,-9.95,0.));
#5250=CARTESIAN_POINT('',(9.65,-9.95,-100.));
#5251=CARTESIAN_POINT('',(9.65,13.2,-100.));
#5252=CARTESIAN_POINT('',(9.65,13.2,0.));
#5253=CARTESIAN_POINT('',(9.65,13.2,-100.));
#5254=CARTESIAN_POINT('',(0.,0.,-100.));
#5255=CARTESIAN_POINT('',(0.,0.,-100.));
#5256=CARTESIAN_POINT('',(2.5,0.,-100.));
#5257=CARTESIAN_POINT('',(0.,0.,0.));
#5258=CARTESIAN_POINT('',(2.5,0.,0.));
#5259=CARTESIAN_POINT('',(-13.2,9.95,-100.));
#5260=CARTESIAN_POINT('',(-13.2,9.95,0.));
#5261=CARTESIAN_POINT('',(-13.2,9.95,-100.));
#5262=CARTESIAN_POINT('',(-12.,-12.,-100.));
#5263=CARTESIAN_POINT('',(-12.,-12.,0.));
#5264=CARTESIAN_POINT('',(-12.,-12.,-100.));
#5265=CARTESIAN_POINT('',(-13.,-3.,-100.));
#5266=CARTESIAN_POINT('',(-13.,-3.,0.));
#5267=CARTESIAN_POINT('',(-13.,-3.,-100.));
#5268=CARTESIAN_POINT('',(-14.,-3.99999999999999,-100.));
#5269=CARTESIAN_POINT('',(-14.,-3.99999999999999,0.));
#5270=MECHANICAL_DESIGN_GEOMETRIC_PRESENTATION_REPRESENTATION('',(#3105),
#5271);
#5271=(
GEOMETRIC_REPRESENTATION_CONTEXT(3)
GLOBAL_UNCERTAINTY_ASSIGNED_CONTEXT((#5272))
GLOBAL_UNIT_ASSIGNED_CONTEXT((#5275,#5274,#5273))
REPRESENTATION_CONTEXT('Aluminum Profile GN 10i-30306L-N-2-4',
'TOP_LEVEL_ASSEMBLY_PART')
);
#5272=UNCERTAINTY_MEASURE_WITH_UNIT(LENGTH_MEASURE(1.E-5),#5275,
'DISTANCE_ACCURACY_VALUE','Maximum Tolerance applied to model');
#5273=(
NAMED_UNIT(*)
SI_UNIT($,.STERADIAN.)
SOLID_ANGLE_UNIT()
);
#5274=(
NAMED_UNIT(*)
PLANE_ANGLE_UNIT()
SI_UNIT($,.RADIAN.)
);
#5275=(
LENGTH_UNIT()
NAMED_UNIT(*)
SI_UNIT(.MILLI.,.METRE.)
);
#5276=PRODUCT_DEFINITION_SHAPE('','',#5277);
#5277=PRODUCT_DEFINITION('','',#5279,#5278);
#5278=PRODUCT_DEFINITION_CONTEXT('',#5285,'design');
#5279=PRODUCT_DEFINITION_FORMATION_WITH_SPECIFIED_SOURCE('','',#5281,
 .NOT_KNOWN.);
#5280=PRODUCT_RELATED_PRODUCT_CATEGORY('','',(#5281));
#5281=PRODUCT('Aluminum Profile GN 10i-30306L-N-2-4',
'Aluminum Profile GN 10i-30306L-N-2-4',
'Aluminum Profile GN 10i-30306L-N-2-4',(#5283));
#5282=PRODUCT_CATEGORY('','');
#5283=PRODUCT_CONTEXT('',#5285,'mechanical');
#5284=APPLICATION_PROTOCOL_DEFINITION('international standard',
'automotive_design',2010,#5285);
#5285=APPLICATION_CONTEXT(
'core data for automotive mechanical design processes');
ENDSEC;
END-ISO-10303-21;
